item_id,source_language,target_language,direction,grade,answer,source_text,target_text
arbeng-0003,arb_Arab,eng_Latn,Arabic to English,1_No_hallucination,No hallucination,عقد مؤتمر شباب فلسطين الأول بالقاهرة,First Palestinian Youth Conference held in Cairo
arbeng-0008,arb_Arab,eng_Latn,Arabic to English,1_No_hallucination,No hallucination,يبدو الأمر شاقاً بعض الشيء من الأسفل، وهو صعود شديد الانحدار وصعب، ولكن معظم الأشخاص الذين يتمتعون بلياقة معقولة يجب أن يكونوا قادرين على الوصول في غضون 45 دقيقة.,"It sounds a little rough from the bottom, and it's a very steep and difficult climb, but most people with reasonable accuracy should be able to get there in 45 minutes."
arbeng-0013,arb_Arab,eng_Latn,Arabic to English,1_No_hallucination,No hallucination,ذكر في بداية الحلقة الأولى من برنامج شاهد علي العصر أن عدد إخوته سته و ليس تسعة د أحمد سعيد (نقاش) 10:,"He mentioned at the beginning of the first episode of the show that his brother number is six , not nine ."
arbeng-0018,arb_Arab,eng_Latn,Arabic to English,1_No_hallucination,No hallucination,الارقام غير مضبوطة بالنسبه لبلده يثرب مصطفى محمد ٣٠٥ (نقاش) 00:,The numbers are uncorrected for his country .
arbeng-0032,arb_Arab,eng_Latn,Arabic to English,1_No_hallucination,No hallucination,يتم تسجيل الموسيقى كثيراً باستخدام الحواسب الآليّة المتطوّرة، لمعالجة ومزج الأصوات معاً.,"Music is often recorded using advanced automated computers, to process and mix sounds together."
arbeng-0033,arb_Arab,eng_Latn,Arabic to English,4_Full_hallucination,Hallucination,Πadim Λlexander (نقاش) 06:,I'm not sure I'll ever be able to do that.
arbeng-0034,arb_Arab,eng_Latn,Arabic to English,4_Full_hallucination,Hallucination,الزلفي 1390هـ الزلفي,The back 1390 is the back .
arbeng-0036,arb_Arab,eng_Latn,Arabic to English,1_No_hallucination,No hallucination,الشمس تبتعث ضوءا.,The sun is shining.
arbeng-0037,arb_Arab,eng_Latn,Arabic to English,1_No_hallucination,No hallucination,"لم يمسس اللافتة ضرر مادي؛ ذلك لأن المتعدي استخدم تربولين أسود مزيناً بعلامة السلام ورسمة لقلب في تعديلاته لتغيير شكل حرف ال""O"" ليبدو كحرف ""e"".",The sign did not cause any physical harm; that's because the offender used black turpentine decorated with a peace sign and a heart drawing in his modifications to change the shape of the letter O to look like the letter E.
arbeng-0038,arb_Arab,eng_Latn,Arabic to English,4_Full_hallucination,Hallucination,الملا علي لوصيبعي,I don't have to be.
arbeng-0039,arb_Arab,eng_Latn,Arabic to English,1_No_hallucination,No hallucination,الخليّة هي أصغر الأجزاء البنيويّة والوظيفيّة في الكائنات الحيّة (الأشياء).,A cell is the smallest structural and functional part of an organism .
arbeng-0068,arb_Arab,eng_Latn,Arabic to English,1_No_hallucination,No hallucination,إن الأطفال المصابين باضطراب نقص الانتباه يواجهون صعوبةً في التركيز على أشياءٍ مثل الواجبات المدرسية، لكن يمكنهم التركيز على الأشياء التي يستمتعون القيام بها مثل اللعب أو مشاهدة الرسوم المتحركة المفضلة لديهم أو كتابة الجمل من دون علامات ترقيم.,"Children with attention deficit disorder have difficulty concentrating on things like homework, but they can focus on things they enjoy doing, like playing or watching their favorite cartoons or writing sentences without digits."
arbeng-0070,arb_Arab,eng_Latn,Arabic to English,4_Full_hallucination,Hallucination,08، 23 مارس 2016 (ت ع م),This is not the case with the United States.
arbeng-0072,arb_Arab,eng_Latn,Arabic to English,1_No_hallucination,No hallucination,مركز المعلومات الفلسطيني وفا,The Palestinian Information Center and the FAA
arbeng-0076,arb_Arab,eng_Latn,Arabic to English,4_Full_hallucination,Hallucination,| عبدالمؤمن (نقاش) 15:,What are you talking about?
arbeng-0079,arb_Arab,eng_Latn,Arabic to English,1_No_hallucination,No hallucination,"وقال في فتواه تلك إن ""ضباط الجيش الباكستاني الذين يقتلون في الاشتباكات مع طالبان ورجال القبائل ليسوا شهداء، ولا يجب تكفينهم شرعا"".","He said in his photo that ""Pakistani army officers killed in clashes with the Taliban and tribal men are not martyrs, and should not be legally buried""."
arbeng-0081,arb_Arab,eng_Latn,Arabic to English,1_No_hallucination,No hallucination,"تحدث ""الأوجه"" لأن الجانب الوحيد من كوكب الزهرة (أو من القمر) الذي يُضاء هو الجانب المواجه للشمس. دعمت مراحل كوكب الزهرة نظرية ""كوبرنيكوس"" بأن الكواكب تدور حول الشمس.","The ""faces"" occur because the only side of the planet (or of the moon) that is illuminated is the side facing the sun."
arbeng-0083,arb_Arab,eng_Latn,Arabic to English,1_No_hallucination,No hallucination,- أه ريكليس ديسريغارد فور غرافيتي''.,"- Oh, this is Reckless Desrigard for Graffiti."
arbeng-0084,arb_Arab,eng_Latn,Arabic to English,1_No_hallucination,No hallucination,للمرّة الأولى، صدّرت الصين في العام الماضي سيّارات أكثر من ألمانيا، وتجاوزت الولايات المتحدة كأكبر سوق في هذه الصناعة.,"For the first time, China exported more cars last year than Germany, and it surpassed the United States as the industry's largest market."
arbeng-0091,arb_Arab,eng_Latn,Arabic to English,1_No_hallucination,No hallucination,"كما ستقام أحداث تزلج أخرى في منطقة ""تايزيتشنغ"" للتزلج في ""زانغجياكو""، على بعد ما يقارب 220 كيلومتراً (140 ميلا) من بكين.","Other skiing events will also take place in the Taizetcheng ski area of Zhangjiaco, about 220 kilometers (140 miles) from Beijing."
arbeng-0096,arb_Arab,eng_Latn,Arabic to English,1_No_hallucination,No hallucination,على العموم أنا أعرف أنك لا تستطيع عرقلة ترشيحي لأي مقالة لذا لا حاجة لي بمناقشتك وتضيع وقتي على أمر لا يقدم ولا يؤخر.,"Generally, I know you can't block my candidacy for any article, so I don't need to argue with you and waste my time on something that isn't presented or delayed."
arbeng-0097,arb_Arab,eng_Latn,Arabic to English,4_Full_hallucination,Hallucination,42، 21 أبريل 2017 (ت ع م),I'm here to help you.
arbeng-0100,arb_Arab,eng_Latn,Arabic to English,1_No_hallucination,No hallucination,ابن حزم الجزء :,Son of the pack:
arbeng-0101,arb_Arab,eng_Latn,Arabic to English,1_No_hallucination,No hallucination,تأكد من أنك تعرف ما يمكنك وما لا يمكنك إحضاره والإعلان عن أي شيء يتجاوز الحدود القانونية.,Make sure you know what you can and can't bring and announce anything beyond the legal limits.
arbeng-0106,arb_Arab,eng_Latn,Arabic to English,1_No_hallucination,No hallucination,خلال الـ20 سنة الماضية، تزايدت الخيارات الملائمة للأطفال في أبتاون شارلوت تصاعديّاً.,"Over the past 20 years, children's choices in Uptown Charlotte have increased exponentially."
arbeng-0107,arb_Arab,eng_Latn,Arabic to English,1_No_hallucination,No hallucination,"في شهر أبريل/نيسان من هذا العام، أصدر القاضي ""غلين"" أمراً تقييدياً مؤقتاً ضد المنشأة لإنفاذ إطلاق سراح المحتجزين لأكثر من 24 ساعة منذ احتجازهم ممن لم يمنحهم وكيل المحكمة جلسة استماع.","In April of this year, Judge Glenn issued a temporary restraining order against the facility to enforce the release of those detained for more than 24 hours since their detention who have not been granted a hearing by the court's attorney."
arbeng-0111,arb_Arab,eng_Latn,Arabic to English,1_No_hallucination,No hallucination,سيخبرك بعض الأطفال القصة مقابل قروش قليلة.,Some kids will tell you the story for a few sharks.
arbeng-0112,arb_Arab,eng_Latn,Arabic to English,1_No_hallucination,No hallucination,يمكن تمييز الصوفيّة عن الأشكال الأخرى للإيمان والتعبّد الديني، بإبرازها للتجربة الشخصية المباشرة لحالة فريدة من الإدراك، خاصّة ذات الطابع السلمي أو التبصّري أو المبهج أو حتى الشاطح.,"Sufism can be distinguished from other forms of religious belief and worship, by its emphasis on the direct personal experience of a unique state of perception, especially of a peaceful, optical, joyous or even shallow nature."
arbeng-0115,arb_Arab,eng_Latn,Arabic to English,1_No_hallucination,No hallucination,وهذا يعطي دقة تعادل أربعة أضعاف دقة 35 مم سالبة (3136 مم2 مقابل 864).,This gives an accuracy equal to four times the accuracy of negative 35 mm (3136 mm2 versus 864).
arbeng-0119,arb_Arab,eng_Latn,Arabic to English,1_No_hallucination,No hallucination,"لحد الآن لم نسمع سوى قيل ""...","So far, we've only heard it said..."
arbeng-0120,arb_Arab,eng_Latn,Arabic to English,1_No_hallucination,No hallucination,على الرغم من أنك قد تعتقد أنه من البديهي الانضمام إلى شركة الطيران التي تسافر بواسطتها كثيراً، إلا أنه يجب عليك أن تدرك أن الامتيازات المقدّمة غالبًا ما تكون مختلفة وأن نقاط المسافر الدائم قد تكون أكثر سخاءً مع شركة طيران مختلفةٍ في نفس التحالف.,"Although you may think it's natural to join an airline that you travel a lot with, you should realize that the privileges offered are often different and that permanent passenger points may be more generous with a different airline in the same alliance."
arbeng-0125,arb_Arab,eng_Latn,Arabic to English,1_No_hallucination,No hallucination,أفاد تشياو وشاريبوف بأنهما على بعد مسافةٍ آمنةٍ من دافعات تعديل الوضعية.,Chiao and Sharipov reported that they were a safe distance from the motive to modify the situation.
arbeng-0131,arb_Arab,eng_Latn,Arabic to English,1_No_hallucination,No hallucination,"يقومون بذلك عن طريق انبعاث جسيم ضوئي صغير يعرف ب ""الفوتون"".",They do this by emitting a small particle of light known as a photon.
arbeng-0135,arb_Arab,eng_Latn,Arabic to English,1_No_hallucination,No hallucination,أُلحق بالأسطول السابع للبحرية الأمريكية ومقره في ساسيبو، ناجازاكي في اليابان.,"He was attached to the U.S. Navy's 7th Fleet based in Sasebo, Nagasaki, Japan."
arbeng-0136,arb_Arab,eng_Latn,Arabic to English,1_No_hallucination,No hallucination,فنوم كروم، على بعد 12 كيلومتر من مدينة سيام ريب. بُنى هذا المعبد الموجود على قمة التل في نهاية القرن التاسع أثناء فترة حكم الملك ياسوفرمان.,This temple at the top of the hill was built at the end of the 9th century during the reign of King Yasoverman.
arbeng-0141,arb_Arab,eng_Latn,Arabic to English,1_No_hallucination,No hallucination,أي فترة زمنية تقضيها عالقًا على قطار أفعواني ستكون أمراً غير مريحاً، على أقل تقدير، وقد استغرق الأمر ساعة على الأقل لإخراج أول شخص من القطار.,"Any amount of time you spend stuck on a snake train would be uncomfortable, at least, and it could take at least an hour to get the first person off the train."
arbeng-0143,arb_Arab,eng_Latn,Arabic to English,1_No_hallucination,No hallucination,حيث سبَّح محمود درويش للتي أسرت بأوردته في مقطوعة بعنوان :,where Mahmoud Darwish swam to catch his veins in a piece titled:
arbeng-0144,arb_Arab,eng_Latn,Arabic to English,1_No_hallucination,No hallucination,تأسيس الدولة الزيانية ( العبد الوادية 633 هـ /1235 م ):,The founding of the Zanian state (Abdu'l-Baadi 633 H / 1235 M):
arbeng-0148,arb_Arab,eng_Latn,Arabic to English,1_No_hallucination,No hallucination,لغير الملمّين بالمصطلحات الطبّيّة، كلمتا معدٍ وسارٍ لهما معنيان مختلفتان.,"For those unfamiliar with medical terms, it's a two-letter word with two different meanings."
arbeng-0152,arb_Arab,eng_Latn,Arabic to English,1_No_hallucination,No hallucination,اتجهت السفينة إلى مدينة إيركوتسك وكانت تحت قيادة القوات الداخلية.,The ship headed for the city of Irkutsk and was under the command of the Internal Forces.
deueng-0002,deu_Latn,eng_Latn,German to English,1_No_hallucination,No hallucination,Was tut z.B.,"What does , for example ?"
deueng-0003,deu_Latn,eng_Latn,German to English,4_Full_hallucination,Hallucination,STUTTGARTER NACHRICHTEN ONLINE [online].,I'm not sure if I'm going to be able to do that.
deueng-0008,deu_Latn,eng_Latn,German to English,1_No_hallucination,No hallucination,Anspruchsvolle Animationen können am Computer konstruiert werden und werden zunehmend im Fernsehen und in Filmen verwendet.,Sophisticated animations can be constructed on the computer and are increasingly being used in television and movies.
deueng-0013,deu_Latn,eng_Latn,German to English,1_No_hallucination,No hallucination,"""laut einem Interview mit Politico war Obama überhaupt nicht zufrieden mit dem Gipfelergebnis, Zweckoptimismus ändert nichts am Scheitern der Vorhaben - ohne Klimagesetz wurde faktisch nichts erreicht""","""According to an interview with Politico, Obama was not at all satisfied with the summit results, purpose optimism doesn't change the failure of projects - without climate change legislation, virtually nothing has been achieved""."
deueng-0017,deu_Latn,eng_Latn,German to English,1_No_hallucination,No hallucination,In einigen Ländern gibt es selbst für erstmalige Vergehen überaus drakonische Strafen; diese können Gefängnisstrafen von über 10 Jahren oder die Todesstrafe einschließen.,"In some countries, even first-time offenders are subject to extremely harsh penalties, which can include up to 10 years in prison or the death penalty."
deueng-0020,deu_Latn,eng_Latn,German to English,1_No_hallucination,No hallucination,"Und was soll der Satz ""der 15. Juni, der im Mittelalter auch als Anfang des Mittsommers („hier mag die Sunn nit höher!“) galt""?","And what about the phrase ""the 15th of June, which in the Middle Ages was also considered the beginning of midsummer?"
deueng-0032,deu_Latn,eng_Latn,German to English,1_No_hallucination,No hallucination,"Und dann zurück in den Norden durch den Westen, mit einer erneuten Überquerung des Flusses Mara nach den Regenfällen im April.","And then back north through the west, with another crossing of the Mara River after the rains in April."
deueng-0034,deu_Latn,eng_Latn,German to English,1_No_hallucination,No hallucination,"In Mekka, der heiligen Stadt des Islam, stürzte heute Morgen gegen 10 Uhr Ortszeit ein Hostel ein.","In Mecca, the holy city of Islam, a hostel collapsed this morning around 10 a.m. local time."
deueng-0036,deu_Latn,eng_Latn,German to English,1_No_hallucination,No hallucination,"Rendalman, 12.07.2013 um 19:15 Uhr","Rendalman, July 12, 2013 at 7:15 pm"
deueng-0047,deu_Latn,eng_Latn,German to English,1_No_hallucination,No hallucination,"Wichtig ist aber auch, dass ""Eigenlob stinkt"" und wir daher auf Ad hominem auch für uns selbst verzichten und im Idealfall anderen ermöglichen unseren Standpunkt mittels Quellen nachvollziehen zu lassen.","But it is also important that 'own pride stinks' and we therefore do not use ad hominem for ourselves and, ideally, allow others to understand our point of view through sources."
deueng-0058,deu_Latn,eng_Latn,German to English,1_No_hallucination,No hallucination,Hab es mal auf einem entsprechenden PC gespielt.,I played it on a corresponding PC.
deueng-0063,deu_Latn,eng_Latn,German to English,1_No_hallucination,No hallucination,─┤,-
deueng-0066,deu_Latn,eng_Latn,German to English,1_No_hallucination,No hallucination,Da haben aber einige ne ziemlich große Nase ;-),But there are some who have quite a big nose.
deueng-0069,deu_Latn,eng_Latn,German to English,1_No_hallucination,No hallucination,CafeNet El Sol bietet einen Reservierungsservice gegen eine Gebühr von 30 US-Dollar bzw. 10 US-Dollar für Tageskarten an. Einzelheiten dazu findet man auf deren Corcovado-Seite.,CafeNet El Sol offers a reservation service for a fee of US$30 or US$10 for daily tickets.
deueng-0074,deu_Latn,eng_Latn,German to English,4_Full_hallucination,Hallucination,Angr/,In the case of
deueng-0082,deu_Latn,eng_Latn,German to English,1_No_hallucination,No hallucination,"Das Binnenland der Antarktis ist ein einsames Plateau, das mit 2–3 km Eis bedeckt ist.",The interior of Antarctica is a lonely plateau covered by 2 ̊3 km of ice.
deueng-0084,deu_Latn,eng_Latn,German to English,1_No_hallucination,No hallucination,* :Image:Eingemeindung_Zuerich.png:,*:Image:inclusion_Zuerich.
deueng-0085,deu_Latn,eng_Latn,German to English,1_No_hallucination,No hallucination,"Wenn Sie im Freien zelten, sollten Sie ein Klappbett oder eine Hängematte mitnehmen, um sich vor Schlangen, Skorpionen usw. zu schützen.","When camping outdoors, you should bring a folding bed or a mat to protect yourself from snakes, scorpions, etc."
deueng-0088,deu_Latn,eng_Latn,German to English,1_No_hallucination,No hallucination,"Das Nervensystem erhält die Homöostase aufrecht, indem es Nervenimpulse durch den Körper sendet, um den Blutfluss ungehindert in Bewegung zu halten.",The nervous system maintains homeostasis by sending nerve impulses through the body to keep blood flowing smoothly.
deueng-0092,deu_Latn,eng_Latn,German to English,4_Full_hallucination,Hallucination,"Hallo Triptychon,","Hey, Triptychon, what are you doing?"
deueng-0093,deu_Latn,eng_Latn,German to English,1_No_hallucination,No hallucination,"Die antiken Einrichtungen, das Nichtvorhandensein moderner Bequemlichkeiten und eine gewisse elegante Bejahrtheit machen auch ihren Charakter aus.","The antique facilities, the absence of modern amenities and a certain elegance of age also make up its character."
deueng-0095,deu_Latn,eng_Latn,German to English,1_No_hallucination,No hallucination,"Deutschland verlieh der Attacke den Decknamen „Unternehmen Seelöwe“. Der Großteil der schweren Waffen und Vorräte der britischen Armee waren bei der Evakuation aus Dünkirchen verlorengegangen, die Armee war also ziemich geschwächt.","Most of the heavy weapons and supplies of the British army had been lost during the evacuation from Dunkirk, so the army was earth-weakened."
deueng-0097,deu_Latn,eng_Latn,German to English,1_No_hallucination,No hallucination,Bzw. ein Doppelmoppel.,Or a double.
deueng-0101,deu_Latn,eng_Latn,German to English,1_No_hallucination,No hallucination,Ich führe das hier mal aus:,Let me do this.
deueng-0102,deu_Latn,eng_Latn,German to English,1_No_hallucination,No hallucination,"Das Wort U-Boot wurde in der Version „U-Boat“ auch im Englischen verwendet, womit speziell deutsche U-Boote gemeint waren. Die Deutschen waren sehr gut darin, ihre U-Boote zu navigieren und zu steuern.","The word ""U-boat"" was also used in the English version, meaning specifically German submarines. The Germans were very good at navigating and steering their submarines."
deueng-0110,deu_Latn,eng_Latn,German to English,1_No_hallucination,No hallucination,Unfein.,It's not nice.
deueng-0111,deu_Latn,eng_Latn,German to English,1_No_hallucination,No hallucination,"Erwarten Sie nicht, dass die Dinge beim Reisen genau so sind wie „zuhause“. Umgangsformen, Gesetze, Essen, Verkehr, Unterkünfte, Standards, Spache und so weiter werden zu einem gewissen Grad anders sein als dort, wo Sie leben.","Don't expect things to be exactly the same when you travel as when you're at home. The way things are going to be, the laws, the food, the traffic, the accommodation, the standards, the fun, and so on, will be somewhat different from where you live."
deueng-0121,deu_Latn,eng_Latn,German to English,1_No_hallucination,No hallucination,"Das Profil sollte tief genug sein, 5 mm (1/5 Zoll) oder mehr, und das Material auch bei niedrigen Temperaturen weich genug.","The profile should be sufficiently deep, 5 mm (1/5 inch) or more, and the material sufficiently soft even at low temperatures."
deueng-0122,deu_Latn,eng_Latn,German to English,1_No_hallucination,No hallucination,Supermärkte erhalten eine zunehmende Vielfalt an Fertiggerichten. Einige bieten sogar Mikrowellen und andere Methoden zum Aufwärmen des Essens.,"Supermarkets are receiving an increasing variety of ready-to-eat meals, some even offering microwaves and other methods of heating food."
deueng-0123,deu_Latn,eng_Latn,German to English,1_No_hallucination,No hallucination,Schaut doch mal bitte auf folgende Passage:,Please look at the following passage:
deueng-0128,deu_Latn,eng_Latn,German to English,4_Full_hallucination,Hallucination,1),(a) the number of
deueng-0130,deu_Latn,eng_Latn,German to English,1_No_hallucination,No hallucination,"Hier gilt es vielleicht zu beachten, dass es viele Menschen isländischer Herkunft dort gibt.",Here it may be worth noting that there are many people of Icelandic origin there.
deueng-0131,deu_Latn,eng_Latn,German to English,1_No_hallucination,No hallucination,Seitdem ist Chinas Wirtschaftskraft um das Neunzigfache gestiegen.,"Since then, China's economic power has increased ninety-fold."
deueng-0132,deu_Latn,eng_Latn,German to English,1_No_hallucination,No hallucination,"Er musste alles von der Pike auf neu studieren nach seinem Attentat, von daher ist ein ""Durcheinander"" in seinem angeschossenen Kopf verständlich, dessen Hervorhebung nah an Menschenverachtung.","He had to re-examine everything from the Pike after his assassination, so a ""thunderstorm"" in his shot-head is understandable, highlighting it close to human contempt."
deueng-0134,deu_Latn,eng_Latn,German to English,1_No_hallucination,No hallucination,Man sollte das anmerken.,You should take note of that.
deueng-0144,deu_Latn,eng_Latn,German to English,1_No_hallucination,No hallucination,"Diese Pflanzen sehen aus wie kleinen Palmen mit einer Krone spitzer, scharfer Blätter.","These plants look like small palm trees with a crown of pointed, sharp leaves."
deueng-0145,deu_Latn,eng_Latn,German to English,1_No_hallucination,No hallucination,"Im Laufe der Jahrhunderte wurden bis zu den Klippen, die direkt über dem Meer liegen, vorsichtig Terrassen in das raue, abschüssige Gelände gebaut.","Over the centuries, up to the cliffs just above the sea were carefully built terraces in the rough, shallow terrain."
deueng-0146,deu_Latn,eng_Latn,German to English,1_No_hallucination,No hallucination,"Hostels richten sich in erster Linie an junge Leute – ein typischer Gast ist in seinen Zwanzigern –, aber man findet dort oft auch ältere Reisende.",Hostels are primarily aimed at young people. A typical guest is in his twenties.
deueng-0149,deu_Latn,eng_Latn,German to English,1_No_hallucination,No hallucination,Oder stimmt die Beschreibung gar nicht?,Or is the description at all wrong?
deueng-0153,deu_Latn,eng_Latn,German to English,1_No_hallucination,No hallucination,"Ich stelle nur die Inhalte der verschiedenen Quellen dar, häufig wird eher Yad Vashem zitiert, als das Gedenkbuch direkt, was auch am Layout liegen kann.","I'm just presenting the contents of the various sources, often citing Yad Vashem rather than the memoir directly, which can also be on the layout."
engarb-0002,eng_Latn,arb_Arab,English to Arabic,1_No_hallucination,No hallucination,Both golf and rugby are set to return to the Olympic Games.,كل من الغولف والرجبي ستعود إلى الألعاب الأولمبية
engarb-0007,eng_Latn,arb_Arab,English to Arabic,1_No_hallucination,No hallucination,"At the top end, B&Bs obviously compete mainly on two main things: bedding and breakfast.",في الجزء العلوي، من الواضح أن المطاعم والمطاعم تتنافس بشكل رئيسي على شيئين رئيسيين: ملابس السرير والفطور.
engarb-0011,eng_Latn,arb_Arab,English to Arabic,1_No_hallucination,No hallucination,"He has also been accused previously of copyright infringement, but was not charged.",كان متهمًا سابقًا أيضًا بانتهاك حقوق الطبع والنشر، ولكن لم يتم توجيه تهم له.
engarb-0015,eng_Latn,arb_Arab,English to Arabic,1_No_hallucination,No hallucination,"User:98.177.208.122, please could you supply a source when you make changes to an article.","المستخدم:98.177.208.122, من فضلك هل يمكنك توفير مصدر عندما تقوم بتغييرات على مقالة."
engarb-0017,eng_Latn,arb_Arab,English to Arabic,1_No_hallucination,No hallucination,":::Hey, if I'm the admin-on-retainer, shouldn't I be #2?",إذا كنت أنا المدير، أليس من المفترض أن أكون رقم 2؟
engarb-0027,eng_Latn,arb_Arab,English to Arabic,1_No_hallucination,No hallucination,The hangi is often used to cook a traditional roast style dinner.,غالبًا ما تستخدم الغنجي في طهي عشاء تقليدي على الطراز المشوي.
engarb-0028,eng_Latn,arb_Arab,English to Arabic,1_No_hallucination,No hallucination,Music is often recorded using sophisticated computers to process and mix sounds together.,غالباً ما يتم تسجيل الموسيقى باستخدام أجهزة الكمبيوتر المتطورة لمعالجة الموسيقى ومزجها معاً.
engarb-0030,eng_Latn,arb_Arab,English to Arabic,1_No_hallucination,No hallucination,TT,الـ TT
engarb-0031,eng_Latn,arb_Arab,English to Arabic,1_No_hallucination,No hallucination,It is not known at this time what charges will be laid or what led authorities to the boy but juvenile proceedings have begun in federal court.,ليس من المعروف في الوقت الحالي ما هي التهم التي سيتم توجيه إليها أو ما الذي دفع السلطات إلى الولد ولكن قد بدأت إجراءات للاطفال في المحكمة الاتحادية.
engarb-0032,eng_Latn,arb_Arab,English to Arabic,1_No_hallucination,No hallucination,You are idiot for making this reason.,أنت أحمق لتقديم هذا السبب.
engarb-0038,eng_Latn,arb_Arab,English to Arabic,4_Full_hallucination,Hallucination,Šœ fær į dœńt hævë åńy. (,سأذهب إلى هنا (
engarb-0042,eng_Latn,arb_Arab,English to Arabic,1_No_hallucination,No hallucination,SO GGGGGGGGGGAAAAAAAAYYYYYYY!,-أجل -أجل !
engarb-0053,eng_Latn,arb_Arab,English to Arabic,1_No_hallucination,No hallucination,"::::::: Our fellow Wikipedian aprock makes a good point here about reading the reliable secondary sources deeply and then owning your edits by being able to communicate a rationale for choosing one source rather than another in a way that is fair to what the sources say and not giving undue weight to obsolete or minority conclusions. ,)",يوضح زميلنا في ويكيبيديا aprock نقطة جيدة هنا حول قراءة المصادر الثانوية الموثوقة بعمق ومن ثم امتلاك التحرير الخاص بك من خلال القدرة على التواصل مع منطق لاختيار مصدر واحد بدلا من آخر بطريقة عادلة لما يقوله المصادر وعدم إعطاء الوزن المفرط للمستنتاجات القديمة أو الأقلية.
engarb-0055,eng_Latn,arb_Arab,English to Arabic,1_No_hallucination,No hallucination,"While we are having a redirect from Bangalore to Bengaluru, what sort of difficulty people will face?",بينما نحصل على إعادة توجيه من بنغالور إلى بنغالور، ما نوع الصعوبة التي سوف يواجهها الناس؟
engarb-0058,eng_Latn,arb_Arab,English to Arabic,1_No_hallucination,No hallucination,P,ب)
engarb-0064,eng_Latn,arb_Arab,English to Arabic,1_No_hallucination,No hallucination,"""We were all simply in shock,"" the mother stated.","""كلنا كنا ببساطة في صدمة""، قالت الأم."
engarb-0068,eng_Latn,arb_Arab,English to Arabic,4_Full_hallucination,Hallucination,CU anaon,كرواتين
engarb-0075,eng_Latn,arb_Arab,English to Arabic,1_No_hallucination,No hallucination,12121212121212 jews jews jews jews jews jews jews jews jews jews jews jews jews jews jews jews jews,1212121212 121212 اليهود اليهود اليهود اليهودي اليهودي
engarb-0077,eng_Latn,arb_Arab,English to Arabic,1_No_hallucination,No hallucination,They looked like rooms. He was the first person to observe dead cells,كان أول شخص يلاحظ الخلايا الميتة
engarb-0078,eng_Latn,arb_Arab,English to Arabic,1_No_hallucination,No hallucination,"At home, due to this constant exposure to the local germs, odds are very high that you're already immune to them.",في المنزل، بسبب هذا التعرض المستمر للفيروسات المحلية، هناك احتمالات عالية جداً أنك مناعي منها بالفعل.
engarb-0079,eng_Latn,arb_Arab,English to Arabic,1_No_hallucination,No hallucination,"::Let's keep it at Talk:Books of Chronicles, then, as that's where it started.",دعونا نحتفظ بها في Talk:Books of Chronicles، إذًا، حيث بدأ الأمر.
engarb-0080,eng_Latn,arb_Arab,English to Arabic,1_No_hallucination,No hallucination,"While assessing the successes and becoming aware of failures, individuals and the whole of the participating persons discover more deeply the values, mission, and driving forces of the organization.",أثناء تقييم النجاحات والإدراك من الفشل، يكتشف الأفراد وجميع الأشخاص المشاركون بشكل أعمق قيم المنظمة ومهمتها وقوى الدفع لها.
engarb-0088,eng_Latn,arb_Arab,English to Arabic,1_No_hallucination,No hallucination,"The old fashioned fittings, the lack of the latest amenities, and a certain graceful agedness are also part of their character.",التسهيلات القديمة، وعدم وجود أحدث الراحة، والشيخوخة الرائعة هي أيضا جزء من شخصيتهم.
engarb-0089,eng_Latn,arb_Arab,English to Arabic,1_No_hallucination,No hallucination,Ovechkin's first assist of the night was on the game-winning goal by rookie Nicklas Backstrom;,أول مساعدة لـ (أوفيتشكين) في الليلة كانت على هدف الفوز باللعبة من قبل المبتدئ (نيكلاس باكستروم)
engarb-0090,eng_Latn,arb_Arab,English to Arabic,1_No_hallucination,No hallucination,"These children tend to get into a lot of trouble, because they ""engage in risky behaviors, get into fights, and challenge authority"" in order to stimulate their brain, since their brain can not be stimulated by normal methods.","هؤلاء الأطفال يميلون إلى الدخول في الكثير من المشاكل، لأنهم ""يشاركون في سلوكيات خطيرة، والقتال، وتحدي السلطة"" من أجل تحفيز دماغهم، لأن دماغهم لا يمكن تحفيزه بالطرق الطبيعية."
engarb-0093,eng_Latn,arb_Arab,English to Arabic,1_No_hallucination,No hallucination,No one else has ever made more appearances or scored more goals for the club than Bobek.,لم يسبق لأحد أن ظهر أكثر أو سجل المزيد من الأهداف من أجل النادي من (بوبيك)
engarb-0094,eng_Latn,arb_Arab,English to Arabic,1_No_hallucination,No hallucination,Auxiliary languages are artificial or constructed languages created with the intent of facilitating communication between peoples who would otherwise have difficulty communicating.,اللغات المساعدة هي اللغات الاصطناعية أو المصممة التي تم إنشاؤها بهدف تسهيل الاتصال بين الشعوب التي من شأنها أن تواجه صعوبة في التواصل.
engarb-0102,eng_Latn,arb_Arab,English to Arabic,1_No_hallucination,No hallucination,I think less odd and less obtrusive is what I proposed initially which is done with other films that have disagreement in the country (see eg Rush (2013 film) which has 4 possibilities in 5 citations in countries.),أعتقد أن ما اقترحه في البداية أقل غرابة وأقل إزعاجاً وهو ما يتم القيام به مع الأفلام الأخرى التي لديها خلاف في البلاد (انظر على سبيل المثال Rush (2013 الفيلم) الذي لديه 4 إمكانيات في 5 اقتباسات في البلدان.)
engarb-0103,eng_Latn,arb_Arab,English to Arabic,1_No_hallucination,No hallucination,"The problem is that snow is sticky, so it needs some triggering to come down, and some snow coming down can be the triggering event for the rest.",المشكلة هي أن الثلوج ملصق، لذلك يحتاج إلى بعض الزناد للنزول، وبعض الثلوج التي تنزل يمكن أن تكون الحدث الزناد للبقية.
engarb-0106,eng_Latn,arb_Arab,English to Arabic,1_No_hallucination,No hallucination,When the individuals show several variants of a particular trait they are polymorphic.,عندما يظهر الأفراد العديد من الاختلافات من سمة معينة فهي متعددة الأشكال.
engarb-0107,eng_Latn,arb_Arab,English to Arabic,1_No_hallucination,No hallucination,This gives resolution almost four times that of a 35 mm negative (3136 mm2 versus 864).,هذا يعطي قرارًا أربع مرات تقريبًا مقارنة بـ 35 ملم سلبي (3136 ملم2 مقابل 864).
engarb-0109,eng_Latn,arb_Arab,English to Arabic,1_No_hallucination,No hallucination,"Once again, sorry.",مرة أخرى، آسف.
engarb-0115,eng_Latn,arb_Arab,English to Arabic,1_No_hallucination,No hallucination,:Do you want blocked? the files you are re-adding violate WP:NFCC.,الملفات التي تقوم بإعادة إضافةها تنتهك WP:NFCC.
engarb-0117,eng_Latn,arb_Arab,English to Arabic,1_No_hallucination,No hallucination,Then Whirling Dervishes took to the stage.,ثم صعد الديرفيشات المتحركة إلى المسرح.
engarb-0128,eng_Latn,arb_Arab,English to Arabic,1_No_hallucination,No hallucination,Nadal's head to head record against the Canadian is 7–2.,سجل رأس على رأس مع الكندي هو 7 2
engarb-0129,eng_Latn,arb_Arab,English to Arabic,1_No_hallucination,No hallucination,"However, a source with knowledge of the investigation told the Minneapolis Star-Tribune that it was Louis Jourdain, 16-year old son of Red Lake Tribal Chairman Floyd Jourdain.","ومع ذلك، قال مصدر مطلع على التحقيق لصحيفة ""مينيابوليس ستار تريبون"" إنه لويس جوردين، ابن 16 عاماً لرئيس قبيلة ""ريد ليك"" فلويد جوردين."
engarb-0136,eng_Latn,arb_Arab,English to Arabic,1_No_hallucination,No hallucination,Phases happen because only the side of Venus (or of the Moon) facing the Sun is lighted. The phases of Venus supported the theory of Copernicus that the planets go around the Sun.,تحدث المراحل لأن الجانب الوحيد من الزهرة (أو القمر) الموجهة نحو الشمس هو المضيء.
engarb-0138,eng_Latn,arb_Arab,English to Arabic,1_No_hallucination,No hallucination,Nothing more to rdeuce on my accord.,لا يوجد شيء آخر لأقوله بموافقتي
engarb-0140,eng_Latn,arb_Arab,English to Arabic,1_No_hallucination,No hallucination,The aircraft had been headed to Irkutsk and was being operated by interior troops.,كانت الطائرة متجهة إلى إركوتسك وكانت تديرها قوات داخلية.
engarb-0142,eng_Latn,arb_Arab,English to Arabic,1_No_hallucination,No hallucination,You got some mail too.,لديكِ بعض البريد أيضاً.
engdeu-0001,eng_Latn,deu_Latn,English to German,2_Small_hallucination,Hallucination,"The media companies routinely lie about the purpose of this, claiming that it is to ""prevent piracy"".","Die Medienfirmen lügen routinemäßig über den Zweck des Programms und behaupten, es sei ""Piraterie zu verhindern""."
engdeu-0005,eng_Latn,deu_Latn,English to German,1_No_hallucination,No hallucination,"If you don't see the point in it, you're free to look for greener pastures.","Wenn Sie das nicht verstehen, können Sie nach grüneren Weiden suchen."
engdeu-0010,eng_Latn,deu_Latn,English to German,1_No_hallucination,No hallucination,"While you may hear the word used by Greenlandic Natives, its use should be avoided by foreigners.","Man hört zwar das Wort, das von Grönländischen Einheimischen verwendet wird, aber Ausländern sollte es vermieden werden."
engdeu-0014,eng_Latn,deu_Latn,English to German,1_No_hallucination,No hallucination,"Living and volunteering in a foreign country is a great way to get to know a different culture, meet new people, learn about yourself, get a sense of perspective and even gain new skills.","In einem fremden Land zu leben und freiwillig zu arbeiten, ist eine großartige Möglichkeit, eine andere Kultur kennenzulernen, neue Menschen kennengelernt zu werden, etwas über sich selbst zu lernen, einen Sinn für Perspektive zu bekommen und sogar neue Fähigkeiten zu erlangen."
engdeu-0018,eng_Latn,deu_Latn,English to German,1_No_hallucination,No hallucination,There are plenty of conflicting examples from early episodes (such as Peggy's mother being on her speed-dial).,Es gibt viele widersprüchliche Beispiele aus frühen Episoden (wie Peggy's Mutter auf ihrem Speed-dial).
engdeu-0031,eng_Latn,deu_Latn,English to German,1_No_hallucination,No hallucination,Athletes may feel that they prefer a product even when it provides no real benefits.,"Sportler können das Gefühl haben, dass sie ein Produkt bevorzugen, auch wenn es keine wirklichen Vorteile bietet."
engdeu-0034,eng_Latn,deu_Latn,English to German,1_No_hallucination,No hallucination,"It is believed by some, including John Grant, that both the funding crunch and a shift in the philosophy of educational television programming contributed to ending the series.","Einige, darunter John Grant, glauben, dass sowohl die Finanzkrise als auch eine Verschiebung der Philosophie der Bildungs-TV-Programmierung dazu beigetragen haben, die Serie zu beenden."
engdeu-0035,eng_Latn,deu_Latn,English to German,1_No_hallucination,No hallucination,It would be the best if you let somebody experienced check the structure pairs before you tag them for speedy deletion.,"Es wäre am besten, wenn Sie jemandem erlauben, die Strukturpaare zu überprüfen, bevor Sie sie für schnelle Löschung markieren."
engdeu-0036,eng_Latn,deu_Latn,English to German,1_No_hallucination,No hallucination,"However, in Malaysia, at least among the Malays in rural areas, it means ""come over,"" similar to the index finger bent toward the body, a gesture which is used in certain Western countries, and should be used only for that purpose.","Allerdings bedeutet es in Malaysia, zumindest bei den Malayen in ländlichen Gebieten, ""überkommen"", ähnlich wie der Zeigefinger, der in Richtung des Körpers gebogen wird, eine Geste, die in bestimmten westlichen Ländern verwendet wird und nur zu diesem Zweck verwendet werden sollte."
engdeu-0067,eng_Latn,deu_Latn,English to German,1_No_hallucination,No hallucination,Gilliganfanatic,Gilligan-fanatisch
engdeu-0070,eng_Latn,deu_Latn,English to German,1_No_hallucination,No hallucination,The atom can be considered to be one of the fundamental building blocks of all matter.,Das Atom kann als einer der grundlegenden Bausteine aller Materie betrachtet werden.
engdeu-0076,eng_Latn,deu_Latn,English to German,1_No_hallucination,No hallucination,Then Whirling Dervishes took to the stage.,Dann stiegen die Whirling Dervishes auf die Bühne.
engdeu-0078,eng_Latn,deu_Latn,English to German,1_No_hallucination,No hallucination,It increases as one moves form left to right in period.,"Es nimmt zu, wenn man sich in der Periode von links nach rechts bewegt."
engdeu-0080,eng_Latn,deu_Latn,English to German,1_No_hallucination,No hallucination,"The idea of stronger, bigger, better might be going through there head, but nothing of a historic nature.","Die Idee, stärker, größer, besser zu sein, könnte durch die Kopf gehen, aber nichts von historischer Natur."
engdeu-0081,eng_Latn,deu_Latn,English to German,4_Full_hallucination,Hallucination,Hiiiiiiiiiiiiiiiiiiiiiii!!!!!!!!!,"Ich weiß nicht, was ich tun soll."
engdeu-0082,eng_Latn,deu_Latn,English to German,1_No_hallucination,No hallucination,"The cell is the basic unit of all living things, and all organisms are composed of one or more cells.","Die Zelle ist die grundlegende Einheit aller Lebewesen, und alle Organismen bestehen aus einer oder mehreren Zellen."
engdeu-0088,eng_Latn,deu_Latn,English to German,1_No_hallucination,No hallucination,"It now functions as the central plaza, and always has a lot of things going on, day and night.","Es fungiert jetzt als zentraler Platz und hat immer viel zu tun, Tag und Nacht."
engdeu-0089,eng_Latn,deu_Latn,English to German,1_No_hallucination,No hallucination,"Cells are so basic and critical to the study of life, in fact, that they are often referred to as ""the building blocks of life"".","Tatsächlich sind Zellen so grundlegend und entscheidend für die Untersuchung des Lebens, daß sie oft als ""die Bausteine des Lebens"" bezeichnet werden."
engdeu-0092,eng_Latn,deu_Latn,English to German,1_No_hallucination,No hallucination,"Stewart, Gordon, Kenseth, and Harvick round out the top-ten positions for the Drivers' Championship with four races remaining in the season.","Stewart, Gordon, Kenseth und Harvick runden die ersten zehn Positionen für die Fahrermeisterschaft mit vier Rennen in der Saison."
engdeu-0094,eng_Latn,deu_Latn,English to German,1_No_hallucination,No hallucination,The artistic event is also part of a campaign by the Bucharest City Hall that seeks to relaunch the image of the Romanian capital as a creative and colourful metropolis.,"Die künstlerische Veranstaltung ist auch Teil einer Kampagne des Stadtraums von Bukarest, die das Image der rumänischen Hauptstadt als kreative und farbenfrohe Metropole neu gestalten will."
engdeu-0095,eng_Latn,deu_Latn,English to German,1_No_hallucination,No hallucination,"Arrows from their deadly crossbows could penetrate the armor of rival soldiers. About 1000 B.C., the Assyrians introduced the first cavalry.",Um das Jahr 1000 v. Chr. führten die Assyrer die erste Kavallerie ein.
engdeu-0098,eng_Latn,deu_Latn,English to German,1_No_hallucination,No hallucination,"However, the discovery of his tomb in 1922 made him a celebrity. While many tombs of the past were robbed, this tomb was left virtually undisturbed.","Doch als 1922 sein Grab entdeckt wurde, wurde er berühmt."
engdeu-0099,eng_Latn,deu_Latn,English to German,1_No_hallucination,No hallucination,"Buying food in supermarkets is usually the cheapest way to get fed. Without cooking opportunities, choices are however limited to ready-made food.","Das Kaufen von Lebensmitteln in den Supermärkten ist in der Regel der billigste Weg, um sich zu ernähren."
engdeu-0103,eng_Latn,deu_Latn,English to German,1_No_hallucination,No hallucination,Nadal's head to head record against the Canadian is 7–2.,Nadal's Head-to-Head-Record gegen den Kanadier beträgt 72.
engdeu-0104,eng_Latn,deu_Latn,English to German,1_No_hallucination,No hallucination,"This causes the skater to turn. If the skates tilt to the right, the skater turns right, if the skates tilt to the left, the skater turns left.","Das führt dazu, dass sich der Skater dreht. Wenn sich der Skate nach rechts neigt, dreht sich der Skager nach rechts, wenn sich die Skate nach links neigt, geht der Skater nach links."
engdeu-0107,eng_Latn,deu_Latn,English to German,1_No_hallucination,No hallucination,"Besides carrying three important scientific instruments, the lunar probe also carried the image of the Indian national flag, painted on all sides.",Neben drei wichtigen wissenschaftlichen Instrumenten trug die Mondsonde auch das Bild der indischen Nationalflagge an allen Seiten.
engdeu-0110,eng_Latn,deu_Latn,English to German,4_Full_hallucination,Hallucination,":Rex, .","- Ich weiß nicht, was du willst."
engdeu-0111,eng_Latn,deu_Latn,English to German,1_No_hallucination,No hallucination,Authorities said little officially beyond confirming today's arrest.,Offiziell haben die Behörden nur noch die Festnahme bestätigt.
engdeu-0112,eng_Latn,deu_Latn,English to German,1_No_hallucination,No hallucination,"The pattern should be deep enough, 5 mm (1/5 inch) or more, and the material soft enough in cold temperatures.","Das Muster sollte tief genug sein, 5 mm oder mehr und das Material bei kalten Temperaturen weich genug sein."
engdeu-0116,eng_Latn,deu_Latn,English to German,1_No_hallucination,No hallucination,"He went on to say, ""This case is serious. Rest assured that our system is working as well as it should.""","Er fügte hinzu: ""Dieser Fall ist ernsthaft."
engdeu-0121,eng_Latn,deu_Latn,English to German,2_Small_hallucination,Hallucination,::::@ - Certainly I agree.,Ich stimme Ihnen sicherlich zu.
engdeu-0123,eng_Latn,deu_Latn,English to German,1_No_hallucination,No hallucination,You sucks!!!,Du bist scheiß!
engdeu-0126,eng_Latn,deu_Latn,English to German,1_No_hallucination,No hallucination,"These bosses had been reined in by Provenzano when he put an end to the Riina-driven war against the state that claimed the lives of Mafia crusaders Giovanni Falcone and Paolo Borsellino in 1992.""","Diese Chefs waren von Provenzano unterdrückt worden, als er 1992 den Riina-getriebenen Krieg gegen den Staat beendete, der das Leben der Mafia-Kreuzzähler Giovanni Falcone und Paolo Borsellino in Anspruch nahm""."
engdeu-0127,eng_Latn,deu_Latn,English to German,1_No_hallucination,No hallucination,"""Apart from the fever and a sore throat, I feel well and in good shape to carry out my work by telecommuting.","""Abgesehen von Fieber und Halsschmerzen fühle ich mich gut und in guter Form, um meine Arbeit durch Fernarbeit zu erledigen."
engdeu-0130,eng_Latn,deu_Latn,English to German,1_No_hallucination,No hallucination,News spread in the Red Lake community today as funerals for Jeff Weise and three of the nine victims were held that another student was arrested in connection with the school shootings of March 21.,"Die Nachricht verbreitete sich heute in der Gemeinde Red Lake, als Jeff Weise und drei der neun Opfer begraben wurden, dass ein anderer Schüler in Verbindung mit den Schießereien am 21. März verhaftet wurde."
engdeu-0132,eng_Latn,deu_Latn,English to German,1_No_hallucination,No hallucination,Offering multiple options reflects more faithfully the facts of the matter.,"Wenn man mehrere Möglichkeiten bietet, spiegelt man die Tatsachen der Angelegenheit besser wider."
engdeu-0133,eng_Latn,deu_Latn,English to German,1_No_hallucination,No hallucination,"Regards conduct, calling someone racist for correcting your ignorance of medical matters is, er, strange, to put it mildly. cheers,","Was das Verhalten angeht, jemanden rassistisch zu nennen, weil er deine Unwissenheit über medizinische Angelegenheiten korrigiert, ist, äh, seltsam, um es sanft auszudrücken."
engdeu-0137,eng_Latn,deu_Latn,English to German,1_No_hallucination,No hallucination,"When you're on a staycation, you have the time to treat yourself and take a few extra minutes to brew up something special.","Wenn Sie auf Urlaub sind, haben Sie Zeit, sich selbst zu versorgen, und nehmen Sie sich ein paar Minuten Zeit, um etwas Besonderes zu machen."
engdeu-0141,eng_Latn,deu_Latn,English to German,1_No_hallucination,No hallucination,"::::I'd be happy if some qualified person could sort the links by quality or relevance, so that five are kept and one or more dispensable ones will be removed, giving a short explanation.","Ich wäre froh, wenn eine qualifizierte Person die Links nach Qualität oder Relevanz sortieren könnte, so dass fünf aufbewahrt und eine oder mehrere verzichtbare Links entfernt werden und eine kurze Erklärung gibt."
engdeu-0142,eng_Latn,deu_Latn,English to German,1_No_hallucination,No hallucination,Massa is due to be out for at least the rest of the 2009 season.,Massa wird zumindest für den Rest der Saison 2009 aussteigen.
engkas-0002,eng_Latn,kas_Deva,English to Kashmiri,1_No_hallucination,No hallucination,"While we are having a redirect from Bangalore to Bengaluru, what sort of difficulty people will face?","येलि ज़न हम बैंगलोर पेठ बेंगलुरु ताम रिडायरेक्ट करान छी ,युस मुश्किल छी लोकन सेत सामना करान ?"
engkas-0009,eng_Latn,kas_Deva,English to Kashmiri,4_Full_hallucination,Hallucination,"Families with children are a rare sight, but some hostels do allow them in private rooms.","युस फॅमिली छी एम् छी वरीय ज़याद तर ,लड़कन सेथ ,लकिन कहीं हॉस्टल छी एम् इजाज़त करा प्राइवेट रूम मंज़"
engkas-0011,eng_Latn,kas_Deva,English to Kashmiri,1_No_hallucination,No hallucination,"However, Star Alliance covers everything except the eastern South Pacific from Santiago de Chile to Tahiti, which is a LATAM Oneworld flight.","हलाकि,स्टार अलायंस छू तमाम चीज़ कवर करने,इस्टर्न साउथ पैसिफिक सेत सैंटियागो डी चिली ते ताहिती,युस लातम वनवर्ल्ड फ्लाइट छू."
engkas-0014,eng_Latn,kas_Deva,English to Kashmiri,1_No_hallucination,No hallucination,"San Francisco is also one of the best places in the nation for other Asian cuisine: Korean, Thai, Indian, and Japanese.","सान फ्रांसिस्को छू बे बेहतरीन जगहन मंज़ बाकि एशियाई किचन खातिर: कोरियन, थाई, इंडियन, ते जापानी."
engkas-0015,eng_Latn,kas_Deva,English to Kashmiri,1_No_hallucination,No hallucination,"::Ah, well.","::आह, ठीक है."
engkas-0017,eng_Latn,kas_Deva,English to Kashmiri,3_Partial_hallucination,Hallucination,::: What is the reaction of Grandmaster to this?,युस रिअॅक्शन छी ग्रैंडमास्टर सेथ ?
engkas-0018,eng_Latn,kas_Deva,English to Kashmiri,3_Partial_hallucination,Hallucination,The vote must still be ratified by the full IOC at it's October meeting in Copenhagen.,युस वोटिंग छी वरीय ज़याद ज़रूरी छी एवं रटिफाइड आईओसी सेथ ऑक्टोबर मंज़ कोपेनहेगन मंज़
engkas-0023,eng_Latn,kas_Deva,English to Kashmiri,3_Partial_hallucination,Hallucination,There are varying estimates for how many people speak Hindi. It is estimated to be between the second and fourth most commonly spoken language in the world.,हिन्दि ज़बान छु दुनियस मंज़ ज़्यादतर ज़बान ते चौथ ज़बान वरीय ज़याद वरीय ज़बान.
engkas-0024,eng_Latn,kas_Deva,English to Kashmiri,1_No_hallucination,No hallucination,"Ahhh, gotcha.","अह्ह्ह्ह्ह, छू लिया."
engkas-0026,eng_Latn,kas_Deva,English to Kashmiri,3_Partial_hallucination,Hallucination,"The original bill was drafted by former mayor of São Paulo, Marta Suplicy. The proposed legislation, after being amended, is now in the hands of Roberto Jefferson.",युस ओरिजिनल बिल ओस बनाओ साओ पाउलो की एक्स मेयर मार्टा सप्लीसी
engkas-0027,eng_Latn,kas_Deva,English to Kashmiri,1_No_hallucination,No hallucination,"With this arrangement in place, this freedom might end.","येलि ज़न ये इंतज़ाम इस्तिमाल गछान छि, यि आज़ादी हकन ख़तम गछान।"
engkas-0030,eng_Latn,kas_Deva,English to Kashmiri,3_Partial_hallucination,Hallucination,Do not sleep on a mattress or pad on the ground in areas where you do not know the local fauna.,"येलि ज़मीनि मंज़ छि न ज़मीनी फ़ाउना न जानान छि, यिलि ज़मीनी पेठ मैट्रेस या पैड पैठ न सोवन।"
engkas-0031,eng_Latn,kas_Deva,English to Kashmiri,1_No_hallucination,No hallucination,"The theory then established the idea that the Maori people migrated from Polynesia in a Great Fleet and took New Zealand from the Moriori, establishing an agricultural society.","युस थ्योरी ओस त बै इस्तिमाल करने आइडिया की माओरी लुख पलायन पोलीनेशिया सेथ ग्रेट फ्लीट मंज़ त बै क्र न्यूजीलैंड मोरीओरी सेथ ,एम् कुर इस्तिमाल एग्रीकल्चरल सोसाइटी"
engkas-0034,eng_Latn,kas_Deva,English to Kashmiri,4_Full_hallucination,Hallucination,":As the author, I agree, in part.","युस लेखक छी ,एम् छी एवं अस अस अस वरीय ज़रूरी"
engkas-0048,eng_Latn,kas_Deva,English to Kashmiri,4_Full_hallucination,Hallucination,"This is something you always need to keep in mind, to avoid disappointment or perhaps even distaste over local ways to do things.","ये छी वरीय ज़रूरी की तुम छी वरीय वरीय ज़याद याद कारन ,येथ सेथ छी एवं वरीय डिप्रेशन या शायद अस अस अस अस वरीय डिस्पोजेबल लोकल तरीक़े सेथ"
engkas-0058,eng_Latn,kas_Deva,English to Kashmiri,1_No_hallucination,No hallucination,"A MAN LIKE DI STEFANO WHO DEFENDS MURDERERS LIKE SADDAM HUSSEIN, MILOSEVIC, IAN BRADY, HOOGENSTRATEN, IS NO BETTER THAN THOSE HE DEFENDS AND WIKIPEDIA SHOULD NOT GIVE HIM SPACE AND SHOULD DELETE HIS ENTIRE BIOGRAPHY SO NOONE THINKS HE IS SOME KIND OF HERO BECAUSE HE IS NO BETTER THAN THOSE HE DEFENDS.","डि स्टीफानो यिम सद्दाम हुसैन, मिलोसेविक, इयान ब्रैडी, हौगेनस्ट्रैटन, यिथ पाठ हत्यारन हिंज डिफेंस करान छु, छु न यिवान यिम इम हिंज डिफ़ेंस करान छि, त विकिपीडिया छु न इम हिंज स्पेस देवन, त यिवान इम सिंज अखूति बायोग्रफी डिलिट करान छि ताकि न यिवान यिवान ज़ि इम छु नायक हिन्देन कुनि क़िस्म छु, क्यूंकि इम छि न यिवानि हिन्देन डिफन्स करान छि।"
engkas-0059,eng_Latn,kas_Deva,English to Kashmiri,3_Partial_hallucination,Hallucination,Apple CEO Steve Jobs unveiled the device by walking onto the stage and taking the iPhone out of his jeans pocket.,एप्पल सीईओ स्टीव जॉब्स क्र स्टेज पेठ पैठ पैठ आयफोन तेम सिंज जीन्स जेब निष्
engkas-0063,eng_Latn,kas_Deva,English to Kashmiri,1_No_hallucination,No hallucination,Hostels cater primarily to young people – a typical guest is in their twenties – but you can often find older travellers there too.,हॉस्टल्स छू वरीय ज़याद तर यौवन लोगन हिंज तरकीब करमुत. आम मेहमान छू 20 वरियाँ मंज़.
engkas-0071,eng_Latn,kas_Deva,English to Kashmiri,3_Partial_hallucination,Hallucination,"There are a limited number permits reserved for walk-in requests available on a first come, first served basis.","वाक-इन अनुरोधन खातर छी वरीय लिमिटेड परमिट ,युस छी एवं वरीय वरीय ज़याद इस्तेमाल करने"
engkas-0077,eng_Latn,kas_Deva,English to Kashmiri,1_No_hallucination,No hallucination,"The different constructions have different capabilities, are sensitive to different wave-lengths and have differing degrees of acuity, also they require different processing to make sense of the input and different numbers to work optimally.","मुख्तलिफ कन्स्ट्रक्शन्स छि मुख्तलिफ़ कम्पेबिलिटीज, छि मुखतलिफ़ तरंग-लम्बाई ह्न्देन सुन्निफ़ायत त छि मुखतलीफ डिग्रीस हिन्देन तरंग, तिम छि इन्तपुट त मुखतलिफ नुमाइरन ह्न्दि मतलब हासिल करनस खातर मुखतली प्रोसेसिंग हिन्दि ज़रूरत।"
engkas-0083,eng_Latn,kas_Deva,English to Kashmiri,4_Full_hallucination,Hallucination,"For a day hike along an easy trail little preparations are needed, and any moderately fit person can enjoy them.","आसान पैदल पैदल यात्रा खातर छी वरीय ज़याद तैयारियां ज़रूरी ,बे ये छी वरीय वरीय फिट"
engkas-0086,eng_Latn,kas_Deva,English to Kashmiri,4_Full_hallucination,Hallucination,":At the same time, it could just as easily strengthen once more.","येलि ज़मीनि मंज़ ,ये हक़ तैर पइठ ज़याद ज़याद मज़बूत करिथ."
engkas-0087,eng_Latn,kas_Deva,English to Kashmiri,1_No_hallucination,No hallucination,:This is why the term British Raj is not very useful as it can be taken by people to refer to almost any aspect of the British rule in India.,यि छु यि कारण ज़ि ब्रिटिश राज लफ्ज़ छु न ज़याद फ़ायदेदार येलि ज़न यिम लुख हिन्दुस्तानस म्न्ज़ ब्रिटिश हुकूमत किस क़रीब कुनि तरीक़न ह्न्ज़ मुतासिर करान छि।
engkas-0108,eng_Latn,kas_Deva,English to Kashmiri,1_No_hallucination,No hallucination,The capsule will look much like a shooting star going across the sky.,कैप्सूल छू आसमान पार करने वाले फ्लाइंग स्टार्स की तरह दिखने वाला.
engkas-0112,eng_Latn,kas_Deva,English to Kashmiri,2_Small_hallucination,Hallucination,1,1 मंज़
engkas-0115,eng_Latn,kas_Deva,English to Kashmiri,1_No_hallucination,No hallucination,The NBA's decision followed a Utah Jazz player testing positive for the COVID-19 virus.,एनबीए सिंज फ़ैसला आव यूटा जैज़ प्लेयर टेस्ट पॉजिटिव कोविड-19 वायरस खातिर.
engkas-0116,eng_Latn,kas_Deva,English to Kashmiri,1_No_hallucination,No hallucination,"Occasional specialist air tours go inland, for mountaineering or to reach the Pole, which has a large base.","वक़्त-वक़त स्पेशलिस्ट एयर टूर छू इंटीरियर खातर, माउंटेनरिंग खातर या पोलस ताम पहुंचन खातर,युस बड़ बेस छू."
engkas-0117,eng_Latn,kas_Deva,English to Kashmiri,1_No_hallucination,No hallucination,"Although some scholars speculate that since the civilisation also existed in the basins of the now dried up Sarasvati River, it should be aptly called the Indus-Sarasvati Civilization, while some call it the Harappan Civilization after Harappa, the first of its sites to be excavated in the 1920s.","येलि ज़न केन्ह विद्वान छि मसलन करान ज़ि येलि ज़ि सिविलाइज़ेशन छि अब शुष्क सरस्वती नदियि ह्न्देन बेसिनन म्न्ज़ ति रोज़ान, यि आव सिंदस-सरस्वती सिविलाइजेशन वनान, येलि कि केन्ह ह्न्दि हराप्पन सिविलायज़ेशन ह्न्नि ह्नदि हराप्पा पत वनान, यिमन म्न्ज़ गोड्नुइक साइट छि १९२० मंज़ खनन गछान।"
engkas-0118,eng_Latn,kas_Deva,English to Kashmiri,1_No_hallucination,No hallucination,"Either way, I can't think of a better term than Stalinist for talking about Stalinist parties.","येलि ज़न, छी कैन न सोचने बेहतर टर्म स्टलिनिस्ट स्टलिनीस्ट पार्टियों सेत बोलने खातर"
engkas-0124,eng_Latn,kas_Deva,English to Kashmiri,1_No_hallucination,No hallucination,Asynchronous communication encourages time for reflection and reaction to others.,असिनक्रोनस कम्युनिकेशन छी वाना टाइम रिफ्लेक्शन्स त बै रिएक्शन बाकि साथ
engkas-0127,eng_Latn,kas_Deva,English to Kashmiri,1_No_hallucination,No hallucination,"Since this article (and NFP in general) is about the relationship between sexual acts and conception for Catholics, it seems like a broader issue (such as choosing a number of children) falls outside the scope of this article. -","येलि ज़न ये आर्टिकल (ते एनएफपी आम तैर पइठ) छू कैथोलिकन खातर सेक्सुअल एक्ट्स ते कॉन्सेप्शन दरमियान रिश्ता किस बारेस मंज़,एम् छी एवं लगान की अख ब्रॉडर मुद्दा (यिथ पाठ वरीय बच्चन चुनना) छू ये आर्टिकल किस दायरे निष् बाहर. -"
engkas-0129,eng_Latn,kas_Deva,English to Kashmiri,3_Partial_hallucination,Hallucination,marcet tttttttttttttttttttttttttttttttttttttttttttttttttttttttttttttttttttttttttttttttttttttttttttttttttttttttttttttttttttttttttttttttttttttttttttttttttttttttttttttttttttttttttttttttttttttttttttttttttttttttttttttttttttttttttttttttttttttttttttttttttttttttttttttttttttttttttttttttt ttttttt,मार्सेट टीटीटीटीटी टीटीटीट टीटीट टटीटीटी टटीटीट टटट टटटीटी टटटट टमट टमटीट टमटेट टमटा टमट
engkas-0146,eng_Latn,kas_Deva,English to Kashmiri,1_No_hallucination,No hallucination,"Although Chile declared independence in 1810 (amid the Napoleonic wars that left Spain without a functioning central government for a couple of years), decisive victory over the Spanish was not achieved until 1818.","अगरचे चिली क्र 1810 मंज़ आज़ादी ऐलान (नॅपोलियन वॉर मंज़ युस स्पैनिश निष् निष् काम करने वाली सेंट्रल गवर्नमेंट छी वरीय वरियाँ खातिर), डिसीसिव जीत स्पैनिश पेठ आय न हासिल 1818 ताम."
engkas-0154,eng_Latn,kas_Deva,English to Kashmiri,4_Full_hallucination,Hallucination,I see no reason whatsoever why we should join ED in perpetuating this story.,मै छुं वुछन न कि कहीं कारन की हम ईडी सेत शामिल होवन ये कहानी बनावन मंज़.
engkas-0164,eng_Latn,kas_Deva,English to Kashmiri,4_Full_hallucination,Hallucination,P,एम एम
engkas-0172,eng_Latn,kas_Deva,English to Kashmiri,1_No_hallucination,No hallucination,"It is assigned to the U.S. Navy’s Seventh Fleet and based in Sasebo, Nagasaki in Japan.","ये छू यू.एस. नेवी की सातवी फ्लीट मंज़ असाइन करा त बै बैस ससेबो,नागासाकी जपान मंज़."
engkas-0173,eng_Latn,kas_Deva,English to Kashmiri,1_No_hallucination,No hallucination,The building housed a number of pilgrims who came to visit the holy city at the eve of hajj pilgrimage.,युस बिल्डिंग छी एम् छी एवं वरीय पालिग्रिन्स युस आय एम् छी वाना पवित्र शहर हज़ हज की वजा सेथ
engkas-0176,eng_Latn,kas_Deva,English to Kashmiri,1_No_hallucination,No hallucination,Then Whirling Dervishes took to the stage.,तब व्हीलिंग डेरविश्स क्र स्टेज पेठ.
engkas-0181,eng_Latn,kas_Deva,English to Kashmiri,1_No_hallucination,No hallucination,"If he does not acknowledge someone calling him a bastard, should we put it on all the pages? (the Clinton and Bush pages are going to get pretty long!)","अगर वोन छू न इक़रार करिथ की कन्हियो छू उसे बेस्टार वनान,तो क्या हम ये तमाम पन्नन पैठ लगावन? (क्लिंटन ते बुश पन्नन छू वरीय लम्बा बनान!"
engkas-0182,eng_Latn,kas_Deva,English to Kashmiri,1_No_hallucination,No hallucination,Sophocles and Aristophanes are still popular playwrights and their plays are considered to be among the greatest works of world literature.,सोफोक्लेस ते अरिस्टोफेन्स छी वरीय पॉपुलर ड्रामा राइटर ते इम सिंज ड्रामा छी एवं माना वर्ल्ड लिटरेचर की ग्रेट वर्क्स मंज़
engmni-0002,eng_Latn,mni_Beng,English to Manipuri,1_No_hallucination,No hallucination,"While we are having a redirect from Bangalore to Bengaluru, what sort of difficulty people will face?","ঐখোয়না বেঙ্গালুরুদগী বেঙ্গালুরুদা রিদাইরেক্সন অমা পাঙথোকপা মতমদা, মীওইশিংনা করম্বা খুদোংচাদবা মায়োক্নগনি?"
engmni-0007,eng_Latn,mni_Beng,English to Manipuri,3_Partial_hallucination,Hallucination,"There are a limited number permits reserved for walk-in requests available on a first come, first served basis.","অহানবা ওইনা লাকপা, অহানবা ওইনা পাংথোকপা য়াবা ৱাক-ইন এপ্লিকেসনশীংগীদমক রিজর্ভ তৌরবা পার্মিটশীংগী মশীং সীমিত লৈ।"
engmni-0011,eng_Latn,mni_Beng,English to Manipuri,1_No_hallucination,No hallucination,China's GDP could be larger than the United States within two decades.,চহী ২০গী মনুংদা চাইনাগী জি.দি.পি. অসি য়ুনাইতেদ স্তেৎসতা হেন্না চাউরক্কনি।
engmni-0013,eng_Latn,mni_Beng,English to Manipuri,1_No_hallucination,No hallucination,I trust that the RfC that is about to start will help clear things up for you.,ঐহাক্না থাজৈ মদুদি হৌদোক্কদৌরিবা আর.এফ.সি.না অদোমগীদমক ৱাফমশিং ময়েক শেংদোকপদা মতেং পাংগনি।
engmni-0015,eng_Latn,mni_Beng,English to Manipuri,1_No_hallucination,No hallucination,"However, Star Alliance covers everything except the eastern South Pacific from Santiago de Chile to Tahiti, which is a LATAM Oneworld flight.","অদুম ওইনমক, স্তার এলায়েন্সনা লাতাম ওনৱর্ল্দ ফ্লাইট অমা ওইরিবা সান্তিয়াগো দে চিলিদগী তাহিতি ফাওবা নোংপোক থংবা সাইথ প্যাসিফিকতা নত্তনা পুম্নমকপু কভর তৌরি।"
engmni-0017,eng_Latn,mni_Beng,English to Manipuri,1_No_hallucination,No hallucination,I'd quite like to talk to you about the past work you've done with the BL - I've been in touch with the philatelic curators here and they're keen to try and build on the collaboration.,ঐহাক্না অদোমগা BLগা তৌখিবা মমাংগী থবকশিংগী মরমদা ৱারী শানবা পাম্মী - ঐহাক্না মফমসিগী ফাইলেতেলিক ক্যুরেতরশিংগা মরী লৈনখি অমসুং মখোয়না মখোয়না মতেং পাংনবগীদমক হোৎনবদা পাম্মী।
engmni-0021,eng_Latn,mni_Beng,English to Manipuri,1_No_hallucination,No hallucination,Thanks for your reply.,অদোমগী পাউখুম অসিগীদমক্তা থাগৎচরি।
engmni-0023,eng_Latn,mni_Beng,English to Manipuri,1_No_hallucination,No hallucination,"However, in June 1956, Krushchev's promises were put to the test when riots in Poland, where workers were protesting against food shortages and wage cuts, turned into a general protest against Communism.","অদুবু, কুমজা ১৯৫৬ গী জুন থাদা, পোল্লন্দদা শিন্মীশিংনা চিঞ্জাক লৈতবা অমসুং শেল থাদবা হন্থহন্নবগী মায়োক্তা প্রোতেস্ত তৌরকপা মতমদা, ক্রুশচভকী ৱারেপশিং অদু চাংয়েং তৌখি।"
engmni-0029,eng_Latn,mni_Beng,English to Manipuri,1_No_hallucination,No hallucination,"The 30-year-old husband, who was born in Buffalo, was one of the four killed in the shooting, but his wife was not hurt.","বুফালোদা পোকখিবা চহি ৩০ শুরবা মপুরোইবা অসি শুটিং অদুদা শিখিবা মরিগী মনুংদা অমা ওইখি, অদুবু মহাক্কী মপুরোইবনা শোকখিদে।"
engmni-0034,eng_Latn,mni_Beng,English to Manipuri,3_Partial_hallucination,Hallucination,"I just wanted to point out also that, if there has been disagreement, even the best translation should not lock out access to others.","ঐহাক্না মসিসু পনখি মদুদি য়ানীংদবা অমা লৈরবদি, খ্বাইদগী ফবা ৱাহন্থোকসু অতোপ্পদা অওনবা পুরকপা ঙমদবনি।"
engmni-0039,eng_Latn,mni_Beng,English to Manipuri,3_Partial_hallucination,Hallucination,"Please see my suggestions on the rejection notice on how you can accomplish this, specifically: linking to existing WIkipedia articles on the awards where notability has already been established.","অদোম্না মসি করম্না পাংথোকপা য়াবগে হায়বদুগী মতাংদা ঐহাক্না থাজবা থাদোকপগী পাউজেল অদুদা পীরিবা ৱাফমশিং অদু য়েংবিয়ু, মরুওইনা: ৱিকিপিদিয়াদা লৈরিবা ইকায় খুম্নবা উৎলিবা ইকায়খুম্নবাশিং অদুগী মতাংদা ৱাইকিপিদিয়াগী আর্টিকলশিংদা লিঙ্ক তৌবীয়ু।"
engmni-0042,eng_Latn,mni_Beng,English to Manipuri,2_Small_hallucination,Hallucination,"Maintaining a healthy energy balance, practicing effective hydration habits, and understanding the various aspects of supplementation practices can help athletes improve their performance and increase their enjoyment of the sport.","হকচাং ফনা ইনর্জীগী ভারসাম্য লৈহনবা, ওফিসিএল ওইবা হিদ্রেতেসন পাম্বৈশীং চৎনহনবা, অমসুং সপ্লিমেন্ত প্রাক্টিসকী তোঙান তোঙানবা মওং-মতৌশীং খঙবা অসিনা এথলেটশীংনা মখোয়গী পারফরমেন্স ফগৎহনবদা অমসুং মখোয়গী স্পোর্টসকী নুংঙাইবা হেনগৎহনবদা মতেং পাংগনি।"
engmni-0051,eng_Latn,mni_Beng,English to Manipuri,1_No_hallucination,No hallucination,"You obviously love LUE and LUElinks, while I dislike it.",অদোম্না LUE অমসুং LUElinkপু পাম্মি অদুবু ঐহাক্না মসি পামদে।
engmni-0061,eng_Latn,mni_Beng,English to Manipuri,1_No_hallucination,No hallucination,"With Armenian backing, a new republic was created. However, no established nation - not even Armenia - officially recognizes it.","আর্মেনিয়ানা তেংবাং পীরগা অনৌবা রিপব্লিক অমা শেমখি। অদুম ওইনমক, মনিংতম্বা লৈবাক অমত্তা - আর্মেনিয়া ফাওবা - মসি ওফিসিএল ওইনা খঙবা ঙমদে।"
engmni-0063,eng_Latn,mni_Beng,English to Manipuri,4_Full_hallucination,Hallucination,suk my dikkkkkkkkkkkkkkkkkkkkkkkkkkkkkkkkkkkkkkkkkkkkkkkkkkkkkkkkkkkkkkkkkkkkkkkkkkkkkkkkkkkkkkkkkkkkkkkkkkkkkkkkkkkkkkkkkkkkkkkkkkkkkkkkkkkkkkkkkkkkkkkkkkkkkkkkkkkkkkkkkkkkkkkkkkkkkkkkkkkkkkkkkkkkkkkkkkkkkkkk ban that cauz tha truth hurts......fuck u,"ঐহাক্না ঐহাকপু থাগৎচরি, ঐহাক্না নহাকপু থুগৎচরি। ঐহাক্না অদোমগী মফমদা থাগৎকদবনি। ঐহাক্কী মফমদা হরাও-হরাও তৌবিয়ু।"
engmni-0064,eng_Latn,mni_Beng,English to Manipuri,2_Small_hallucination,Hallucination,"She said, ""There is no intelligence to suggest that an attack is expected imminently.","মহাক্না হায়খি, ""অশাবা মতমদা এটেক অমা থোক্কনি হায়বগী মতাংদা ইন্তেলিজেন্স অমত্তা লৈতে।"
engmni-0066,eng_Latn,mni_Beng,English to Manipuri,1_No_hallucination,No hallucination,":So do it, instead of bitching about it.",মদুগী মরমদা ৱাকৎপগী মহুত্তা মদু তৌবিয়ু।
engmni-0067,eng_Latn,mni_Beng,English to Manipuri,2_Small_hallucination,Hallucination,The hearing also marks the date for the suspect’s right to a speedy trial.,মীফম অসিসু শক্নাইরবা মীওই অদুগী তপ্না তপ্না ট্রাই তৌবগী হক ফংলবা নুমিৎনি।
engmni-0069,eng_Latn,mni_Beng,English to Manipuri,4_Full_hallucination,Hallucination,FUCKIN BITCH WHORE EAT SHIT,ঐহাক্না ঐহাকপু থাগৎপা পাম্মি।
engmni-0101,eng_Latn,mni_Beng,English to Manipuri,2_Small_hallucination,Hallucination,"OK, will do.","মপুং ফাহ্নি, তৌগনি।"
engmni-0102,eng_Latn,mni_Beng,English to Manipuri,1_No_hallucination,No hallucination,"This fleet was led by Olaf Trygvasson, a Norwegian with ambitions to reclaim his country from Danish domination.",হায়রিবা ফ্লোত অসি ওলাফ ত্রাইগভাসননা লুচিংখি। মহাক্না মহাক্কী লৈবাক অসি দেনমার্ককী দোমিনেসনদগী অমুক হন্না লৌনবা পান্দম থমখি।
engmni-0116,eng_Latn,mni_Beng,English to Manipuri,1_No_hallucination,No hallucination,These requirements are designed to provide an organized migratory flow between both countries.,হায়রিবা মথৌ তাবশিং অসি লৈবাক অনিগী মরক্তা ওর্গানাইজ তৌরবা মাইগ্রেসন ফ্লো অমা ফংহন্নবগীদমক্তা শেমগৎলি।
engmni-0119,eng_Latn,mni_Beng,English to Manipuri,3_Partial_hallucination,Hallucination,:It was the drug dealer and pimp bit that made me label it as an attack.,দ্রগ দিলর অমসুং পুক্নিং চিংশিনবা মীওই অদুনা ঐহাক্না থৌদোক অদু ইকায় খুম্নবা উৎখি।
engmni-0126,eng_Latn,mni_Beng,English to Manipuri,1_No_hallucination,No hallucination,It will make sifting through the information much easier and we can discard and keep items as needed.,মসিনা ইনফোর্মেসন অদু য়েংশিনবা য়াম্না লায়থোকহল্লি অমসুং ঐখোয়না মথৌ তাবা মতুংইন্না পোৎলমশিং থাদোকপা অমসুং থমজিনবা ঙমগনি।
engmni-0127,eng_Latn,mni_Beng,English to Manipuri,1_No_hallucination,No hallucination,"A formal anniversary event was scheduled for a later date, officials said.",ওফিসিএলশিংনা হায়খি মদুদি ওফিসিয়েল ওইবা চহিগী থৌরম অমা তুংদা পাঙথোক্কদৌরি।
engmni-0132,eng_Latn,mni_Beng,English to Manipuri,4_Full_hallucination,Hallucination,If one of those bots comes and signs OUR edits for us that would just be taking the p***Spongefrog,ঐহাক্না হায়জরি মদুদি ঐহাক্না ঐহাকপু থাগৎপা পাম্মি।
engmni-0134,eng_Latn,mni_Beng,English to Manipuri,3_Partial_hallucination,Hallucination,"Only animals have brains (though not even all animals do; jellyfish, for example, do not have brains).","শাশিংখক্তনা মস্তিষ্ক লৈ (মরুওইনা শা পুম্নমক্তা নত্তে; খুদম ওইনা, মেদুসশিংদা মস্তিস্ক লৈতে) ।"
engmni-0137,eng_Latn,mni_Beng,English to Manipuri,3_Partial_hallucination,Hallucination,Humans can be affected by breathing affected water taken into the air by wind and waves.,মীওইবনা নুংশিবা অমসুং ৱেবশিংনা নুংশিরবা ঈশিং অদু শ্বাস-প্রশ্বাস তৌবনা শোকহনবা য়াই।
engmni-0139,eng_Latn,mni_Beng,English to Manipuri,3_Partial_hallucination,Hallucination,The reason I didn't add it the first time was because I was not sure about the wording and didn't receive any suggestions whatsoever.,অহানবা ওইনা ঐহাক্না মসি হাপচিনবগী মরমদি ঐহাক্না ৱাহন্থোক অদুগী মরমদা অচুম্বা ওইখিদে অমসুং ঐহাক্না করিগুম্বা ৱাফম অমত্তা পাংথোকখিদে।
engmni-0140,eng_Latn,mni_Beng,English to Manipuri,3_Partial_hallucination,Hallucination,"A MAN LIKE DI STEFANO WHO DEFENDS MURDERERS LIKE SADDAM HUSSEIN, MILOSEVIC, IAN BRADY, HOOGENSTRATEN, IS NO BETTER THAN THOSE HE DEFENDS AND WIKIPEDIA SHOULD NOT GIVE HIM SPACE AND SHOULD DELETE HIS ENTIRE BIOGRAPHY SO NOONE THINKS HE IS SOME KIND OF HERO BECAUSE HE IS NO BETTER THAN THOSE HE DEFENDS.","দি স্তেফানোগুম্বা মীওই অমনা সদ্দাম হুসেন, মিলোসেভিক, ইয়ান ব্রাদি, হোগেনস্ত্রেতেনগুম্বা খুত্মীশিংবু ঙাকথোকপা, মহাক্কা হেন্না ফবা মীওই অমত্তা লৈতে। মহাক্না ঙাকথোক্লিবা মীওইশিংদগী অমসুং ৱিকিপিদিয়ানা মহাক্কা অকোয়বগী ফিভম পীরোইদবনি অমসুং মহাক্কী বাইওগ্রাফি পুম্নমক মাঙহল্লোইদবনি। মরমদি মহাক্কা ঙাকথোক্কদৌরিবা মীওইশিংদগী মহাক্না হেন্না ফবনি হায়না মীওই অমত্তা থাজদে।"
engmni-0149,eng_Latn,mni_Beng,English to Manipuri,2_Small_hallucination,Hallucination,"yeah really he admitted to doing it, why does it matter what passport he has, he went to their land and broke their rules now he must pay their price.",ইশাগী লমদা চৎতুনা মখোয়গী চৎন-কাংলোনশিং মাঙখি। হৌজিক মহাক্না মখোয়গী মমল পীগদবনি।
engmni-0161,eng_Latn,mni_Beng,English to Manipuri,2_Small_hallucination,Hallucination,"and their fangs are semi-hinged (sort of like vipers and pit-vipers who have fully hinged fangs while all other elapids have very fixed immovable fangs),",অমসুং মখোয়গী দিংশিংদি সেমি-হিংড (মপুংফানা হিংডিং তৌরবা দিংশিং লৈবা ৱিপশিং অমসুং পিৎ-ভীপশিংগুম্না)
engmni-0174,eng_Latn,mni_Beng,English to Manipuri,3_Partial_hallucination,Hallucination,"go to hell the both you people!!! it was finethe way it was and all you do is screw it up and fuck up what was good and right, so i hope the tow of you drop dead of heart attaks or get run over by a truck and die a painful slow death!!!!!!!!!","ঐহাক্না অদোম অনীমক্না ফাগৎচরি!!! মসি ফাইন ওইরম্মী অমসুং অদোম্না তৌরিবা পুম্নমক্না মদু ফত্তবা অমসুং অফবা অমসুং অচুম্বা অদু ফত্তবা অসিনি, মরম অদুনা ঐহাক্না থাজৈ মদুদি অদোমগী দ্রগ অদু থম্মোয়গী খুদোংচাদবদগী থুগাইগনি নৎত্রগা লরিক অমনা থুগাইদুনা লৈখিগনি অমসুং অৱাবা লৈখিদবদগী লৈখিদবনি!!!!!!!!!"
engmni-0177,eng_Latn,mni_Beng,English to Manipuri,3_Partial_hallucination,Hallucination,"It's compacted snow with crevasses filled in and marked by flags. It can only be traveled by specialized tractors, hauling sleds with fuel and supplies.","মসিদা ফ্লেগশিংনা মশক তাকপা অমসুং ফ্লেগশিং মরাং কায়না মপুং ফাহল্লবা ঈচাউ লৈ। মসি স্পেসিএলাইজ তৌরবা ত্রেক্টরশিংনা খক্তনা চৎপা য়াই, ইন্ধন অমসুং পোৎলমশিং য়াওবা সলেদশিং পুথোকপা য়াই।"
engmni-0180,eng_Latn,mni_Beng,English to Manipuri,3_Partial_hallucination,Hallucination,"::::this proves that Diem was unpopular and that Ho was a popular nationalist figure, it does not prove that 80% (and the way you quoted it sounds like he was just speculating in terms of percent) of the Vietnamese were communists despite the fact that the ruling VCP was.",":::: মসিনা দিম অসি পামজবা নত্তে অমসুং হো অসি মীয়াম্না পামজবা নেস্নেলিস্ত অমা ওইরম্মি হায়না প্রুফ তৌদে, মসিনা ভিয়েতনামগী ৮০% (অদোম্না তাকপা মওংদা মহাক্না পুক্নিং থৌগৎলিবা মতৌগুম্বনি) অসি লৈঙাক পায়রিবা ভি.সি.পি. ওইরম্লবসু কম্ম্যুনিস্ত ওইরম্মী হায়বা উৎদে।"
engmni-0181,eng_Latn,mni_Beng,English to Manipuri,2_Small_hallucination,Hallucination,"::You were warned above and chose to ignore it and persisted in your disruptive edits, here.",:: নহাকপু মথক্তা খঙহনখি অমসুং মদু য়েংশিনবা খনখি অমসুং অদোমগী অশোকপা এদিৎশিং অসিদা লেপ্পা লৈতনা লেপখি।
engmni-0186,eng_Latn,mni_Beng,English to Manipuri,4_Full_hallucination,Hallucination,"YOU WANNA FUCKING GO YOU STUPID CUNT, I WILL FUCKING KILL YOU AND EAT YOUR FUCKING FLESH YOU CUNT, I WILL FUCKING SHOW YOU THAT THERE ARE FUCKING CUNTS OUT THERE WHO WILL NOT TAKE SHIT FROM ADMINS, YOU CUNT, YOU STUPID CUNT.","ঐহাক্না ঐহাক্না অদোমবু খুৎখিগনি অমসুং অদোমগী হকচাং মাংহল্লগনি, অদোম্না অদোমদা অদোমবু উহল্লগনি মদুদি অদোমগী মফমদা অদোমগী লমজিংবশিং থাদোক্কনি। অদোমনা অদোমবু মাঙহল্লগনি।"
engmni-0188,eng_Latn,mni_Beng,English to Manipuri,3_Partial_hallucination,Hallucination,Music is often recorded using sophisticated computers to process and mix sounds together.,ঈশৈশিংবু শন্দোকপা অমসুং শন্দোকপদা অপুনবা কম্প্যুতরশিং শীজিন্নদুনা রেকোর্দ তৌই।
engmni-0189,eng_Latn,mni_Beng,English to Manipuri,3_Partial_hallucination,Hallucination,"Only a few airlines still offer bereavement fares, which slightly discount the cost of last-minute funeral travel.",অয়াম্বা এয়রলাইন্স খরখক্তনা লৈখিদ্রবশিংগীদমক লেপ্তনা ভেল্যু পীরি। মসিনা অরোইবা নুমিৎতা লৈখিদ্রবা মৈতৈগী খোঙচৎকী মমল হন্থহল্লি।
engmni-0191,eng_Latn,mni_Beng,English to Manipuri,1_No_hallucination,No hallucination,"If you get hurt trying to help, you may only serve to make matters worse.","করিগুম্বা নহাক্না মতেং পাংনবা হোৎনবদা খুদোংথীবা পীবীরবদি, অদোম্না ফীভম অদু হেন্না ফগৎহনবা ঙম্মী।"
engrus-0003,eng_Latn,rus_Cyrl,English to Russian,1_No_hallucination,No hallucination,"That said, expect to be out of breath, and take care in the steeper portions, especially when wet, as it can become dangerous quickly.","Тем не менее, ожидайте, что у вас не будет дыхания, и будьте осторожны в более крутых частях, особенно когда они мокрые, так как они могут быстро стать опасными."
engrus-0008,eng_Latn,rus_Cyrl,English to Russian,1_No_hallucination,No hallucination,I WAS LIKE OMG WHAT THE HECK ARE YOU DOING.,"Я хотел знать, что вы делаете."
engrus-0012,eng_Latn,rus_Cyrl,English to Russian,1_No_hallucination,No hallucination,== Mail for you ==,== Послание для вас ==
engrus-0016,eng_Latn,rus_Cyrl,English to Russian,1_No_hallucination,No hallucination,"Its second claw was larger, giving rise to the name Hesperonychus which means ""western claw.""","Второй клей был более крупным, что привело к названию Hesperonychus, что означает ""западный клей""."
engrus-0018,eng_Latn,rus_Cyrl,English to Russian,1_No_hallucination,No hallucination,The articles pertain to the burroughs,Статьи относятся к прорывам
engrus-0030,eng_Latn,rus_Cyrl,English to Russian,1_No_hallucination,No hallucination,LOVE TO MOLEST CHILDERN ==,Любовь к наиболее молодым детям
engrus-0031,eng_Latn,rus_Cyrl,English to Russian,1_No_hallucination,No hallucination,"Yesterday, the post office released their apology to citizens and the media after discovering that the boy had hidden more than 600 postal documents, including 429 New Year postcards, which weren't delivered to their intended recipients.","Вчера почта извинилась перед гражданами и СМИ после того, как обнаружила, что мальчик скрыл более 600 почтовых документов, в том числе 429 открыток нового года, которые не были доставлены их предполагаемым получателям."
engrus-0033,eng_Latn,rus_Cyrl,English to Russian,1_No_hallucination,No hallucination,Fifteen of these rocks are attributed to the meteorite shower last July.,Пятнадцать из этих скал связаны с метеоритным дождем в июле прошлого года.
engrus-0034,eng_Latn,rus_Cyrl,English to Russian,1_No_hallucination,No hallucination,YOU SUCK!,Ты потрясающий!
engrus-0044,eng_Latn,rus_Cyrl,English to Russian,1_No_hallucination,No hallucination,"Therefore, I've given the article a POV tag.",Поэтому я дал статье маркировку POV.
engrus-0054,eng_Latn,rus_Cyrl,English to Russian,1_No_hallucination,No hallucination,It also seems the discussion was resurrected just below the previous thread.,"Также кажется, что дискуссия возросла непосредственно ниже предыдущей нитки."
engrus-0059,eng_Latn,rus_Cyrl,English to Russian,1_No_hallucination,No hallucination,"After it became apparent that many families were seeking legal help to fight the evictions, a meeting was held on March 20 at the East Bay Community Law Center for the victims of the housing scam.","После того, как стало очевидным, что многие семьи обращаются за юридической помощью для борьбы с выселениями, 20 марта в Ист-Бей-сообщественном юридическом центре для жертв жилищной мошенничества была проведена встреча."
engrus-0062,eng_Latn,rus_Cyrl,English to Russian,1_No_hallucination,No hallucination,"::::Thanks, and sorry...","Спасибо, и извините..."
engrus-0065,eng_Latn,rus_Cyrl,English to Russian,1_No_hallucination,No hallucination,"Many a stable, capable traveler has been overcome by the newness of developing world travel, where many little cultural adjustments can add up quickly.","Многих устойчивых, способных путешественников превзошла новость путешествий в развивающихся странах, где многие небольшие культурные изменения могут быстро присоединиться."
engrus-0076,eng_Latn,rus_Cyrl,English to Russian,1_No_hallucination,No hallucination,"While listening to individuals share their individual, family, and organizational stories, we gained valuable insight into the past and some of the personalities who influenced for good or ill the culture of the organization.","Слушая, как отдельные люди рассказывают о своей личной, семейной и организационной жизни, мы приобрели ценные знания о прошлом и некоторых личностях, которые положительно или отрицательно повлияли на культуру организации."
engrus-0078,eng_Latn,rus_Cyrl,English to Russian,1_No_hallucination,No hallucination,hello all my friends × nigger,Привет всем моим друзьям × ниггер
engrus-0079,eng_Latn,rus_Cyrl,English to Russian,1_No_hallucination,No hallucination,Visa requirements and costs vary from nation to nation and are affected by the country you come from.,"Визовые требования и расходы различаются в зависимости от страны, из которой вы приехали."
engrus-0082,eng_Latn,rus_Cyrl,English to Russian,1_No_hallucination,No hallucination,"Another famous Greek is a mathematician Pythagoras, mostly known for his famous theorem about relations of the sides of right triangles.","Еще одним известным греком является математик Пифагор, в основном известный своей знаменитой теоремой о отношениях сторон прямоугольных треугольников."
engrus-0083,eng_Latn,rus_Cyrl,English to Russian,1_No_hallucination,No hallucination,Or something like that.,Или что-то вроде этого.
engrus-0085,eng_Latn,rus_Cyrl,English to Russian,1_No_hallucination,No hallucination,Why is Danial Tosh such a dope dude?,Почему Даниэль Тош такой дурак?
engrus-0087,eng_Latn,rus_Cyrl,English to Russian,1_No_hallucination,No hallucination,"However, Star Alliance covers everything except the eastern South Pacific from Santiago de Chile to Tahiti, which is a LATAM Oneworld flight.","Однако Star Alliance охватывает все, кроме восточного Южного Тихого океана от Сантьяго-де-Чили до Таити, который является рейсом LATAM Oneworld."
engrus-0089,eng_Latn,rus_Cyrl,English to Russian,1_No_hallucination,No hallucination,There are varying estimates for how many people speak Hindi. It is estimated to be between the second and fourth most commonly spoken language in the world.,"Существуют различные оценки по количеству людей, говорящих на хинди."
engrus-0092,eng_Latn,rus_Cyrl,English to Russian,1_No_hallucination,No hallucination,"A: Although a citation of which firms recruit with statistics backing that claim would be nice, it is a true.","Ответ: Хотя цитата о том, какие фирмы нанимают людей с статистическими данными, подтверждающими это утверждение, будет хорошей, это правда."
engrus-0093,eng_Latn,rus_Cyrl,English to Russian,1_No_hallucination,No hallucination,A cell is the smallest structural and functional unit of a living (things) organism.,Клетка является самой маленькой структурной и функциональной единицей живого организма (вещей).
engrus-0101,eng_Latn,rus_Cyrl,English to Russian,1_No_hallucination,No hallucination,England had experienced a long period of peace after the reconquest of the Danelaw.,Англия пережила длительный период мира после воссоединения Данела.
engrus-0102,eng_Latn,rus_Cyrl,English to Russian,1_No_hallucination,No hallucination,"The storm, situated about 645 miles (1040 km) west of the Cape Verde islands, is likely to dissipate before threatening any land areas, forecasters say.","По словам синоптиков, шторм, расположенный примерно в 1040 километрах к западу от островов Кабо-Верде, скорее всего, исчезнет до того, как он станет угрозой для каких-либо земельных участков."
engrus-0105,eng_Latn,rus_Cyrl,English to Russian,1_No_hallucination,No hallucination,Hangeul is the only purposely invented alphabet in popular daily use. The alphabet was invented in 1444 during the reign of King Sejong (1418 – 1450).,"Ангеуль - единственный преднамеренно изобретенный алфавит, используемый в повседневной жизни."
engrus-0113,eng_Latn,rus_Cyrl,English to Russian,1_No_hallucination,No hallucination,Pittman suggested that conditions wouldn't improve until sometime next week.,"Питтман предположил, что условия не улучшатся до следующей недели."
engrus-0114,eng_Latn,rus_Cyrl,English to Russian,1_No_hallucination,No hallucination,"Unless you are a diplomat, working overseas generally means that you will have to file income tax in the country you are based in.","Если вы не являетесь дипломатом, работа за рубежом обычно означает, что вам придется уплачивать подоходный налог в стране, где вы находитесь."
engrus-0116,eng_Latn,rus_Cyrl,English to Russian,1_No_hallucination,No hallucination,I've bitten my tongue on this one.,Я укусил язык в этом случае.
engrus-0121,eng_Latn,rus_Cyrl,English to Russian,1_No_hallucination,No hallucination,The trial took place at Birmingham Crown Court and concluded on August 3.,Суд состоялся в Бирмингемском короновом суде и завершился 3 августа.
engrus-0122,eng_Latn,rus_Cyrl,English to Russian,1_No_hallucination,No hallucination,I just dislike it.,Просто мне это не нравится.
engrus-0123,eng_Latn,rus_Cyrl,English to Russian,1_No_hallucination,No hallucination,"They're regaling each other with stories from their hometowns, told in their distinct accents and local argot.","Они рассказывают друг другу истории из своих родных городов, рассказывают их различными акцентами и местным арготом."
engrus-0125,eng_Latn,rus_Cyrl,English to Russian,1_No_hallucination,No hallucination,"At the time of the award, Atlanta schools had seen a large improvement on test scores.",На момент вручения премии в Атлантских школах наблюдалось значительное улучшение результатов.
engrus-0127,eng_Latn,rus_Cyrl,English to Russian,2_Small_hallucination,Hallucination,Nadal's head to head record against the Canadian is 7–2.,Рекорд Надаля против канадца - 72.
engrus-0135,eng_Latn,rus_Cyrl,English to Russian,1_No_hallucination,No hallucination,"In 1994, the ethnically Armenian Nagorno-Karabakh region of Azerbaijan waged war against the Azeris.",В 1994 году армянский Нагорный Карабах в Азербайджане начал войну с азербайджанцами.
engrus-0136,eng_Latn,rus_Cyrl,English to Russian,1_No_hallucination,No hallucination,They looked like rooms. He was the first person to observe dead cells,"Он был первым человеком, который наблюдал за мертвыми клетками."
engrus-0139,eng_Latn,rus_Cyrl,English to Russian,1_No_hallucination,No hallucination,Zayat was unhurt in the accident.,Заят был невредим в аварии.
engrus-0140,eng_Latn,rus_Cyrl,English to Russian,1_No_hallucination,No hallucination,It could be either ignoring the notice of sanctions or perhaps not aware of its own Talk page.,"Это может быть либо игнорирование уведомления о санкциях, либо, возможно, не понимание своей собственной страницы разговора."
engrus-0144,eng_Latn,rus_Cyrl,English to Russian,1_No_hallucination,No hallucination,hi my name is rob zombie i am gay,Привет. Меня зовут Роб Зомби. Я гей.
engspa-0004,eng_Latn,spa_Latn,English to Spanish,1_No_hallucination,No hallucination,"Especially Gogo Dodo, and the Dark Lord Trombonator? - contribs","Especialmente Gogo Dodo, y el Señor Oscuro Trombonador? - contribuciones"
engspa-0009,eng_Latn,spa_Latn,English to Spanish,1_No_hallucination,No hallucination,"They called themselves the Moriori there were a few skirmishes and in the end, the Moriori were wiped out","Se llamaron a sí mismos los Moriori hubo algunas escaramuzas y al final, los Moriori fueron eliminados"
engspa-0013,eng_Latn,spa_Latn,English to Spanish,1_No_hallucination,No hallucination,"In addition to the crushing ice, extreme weather conditions have been hampering rescue efforts.","Además del hielo aplastante, las condiciones climáticas extremas han obstaculizado los esfuerzos de rescate."
engspa-0017,eng_Latn,spa_Latn,English to Spanish,1_No_hallucination,No hallucination,Translated from http://es.wikipedia.org/wiki/Saga_de_los_Aznar,Traducido desde http://es.wikipedia.org/wiki/Saga_de_los_Aznar
engspa-0032,eng_Latn,spa_Latn,English to Spanish,1_No_hallucination,No hallucination,The building housed a number of pilgrims who came to visit the holy city at the eve of hajj pilgrimage.,El edificio albergaba a varios peregrinos que venían a visitar la ciudad santa en vísperas de la peregrinación al hajj.
engspa-0034,eng_Latn,spa_Latn,English to Spanish,1_No_hallucination,No hallucination,"It is believed by some, including John Grant, that both the funding crunch and a shift in the philosophy of educational television programming contributed to ending the series.","Se cree por algunos, incluyendo a John Grant, que tanto la crisis de financiamiento como un cambio en la filosofía de la programación de televisión educativa contribuyeron a terminar la serie."
engspa-0035,eng_Latn,spa_Latn,English to Spanish,1_No_hallucination,No hallucination,"I'm glad Larry Grayson never edited Wikipedia, he would have had a dreadful time.","Me alegro de que Larry Grayson nunca editara Wikipedia, habría pasado un tiempo terrible."
engspa-0036,eng_Latn,spa_Latn,English to Spanish,1_No_hallucination,No hallucination,"The concept was that all European nations had to seek to prevent one nation from becoming powerful, and thus national governments often changed their alliances in order to maintain the balance.","El concepto era que todas las naciones europeas debían tratar de evitar que una nación se convirtiera en poderosa, y por lo tanto los gobiernos nacionales a menudo cambiaban sus alianzas para mantener el equilibrio."
engspa-0037,eng_Latn,spa_Latn,English to Spanish,4_Full_hallucination,Hallucination,"z, , 2010-11-0104:56",Se trata de un proyecto de ley que se ha desarrollado en el ámbito de la seguridad social.
engspa-0041,eng_Latn,spa_Latn,English to Spanish,2_Small_hallucination,Hallucination,GO FU9K YOURSELF AND DIE YOU FU (KING PIECE OF SHlT I'M GOING TO FU (KING KILL YOU C0CKSU (KER YOU HEAR ME I'M GOING TO FU (KING KILL YOU AND CHOP YOUR HEAD OFF AND STICK MY FU (KING CO (K DOWN YOUR THROAT,Yo voy a FU (Rey te matará C0CKSU) Me escuchas que voy a Fu (Rey matará a ti y cortar la cabeza y meter mi FU (King CO (K Down tu garganta)
engspa-0045,eng_Latn,spa_Latn,English to Spanish,2_Small_hallucination,Hallucination,make those kickass userboxes,Hacer que esas cajas de usuario de mierda
engspa-0048,eng_Latn,spa_Latn,English to Spanish,1_No_hallucination,No hallucination,The actual purpose is to give those companies more control over their markets; it's all about money spinning.,El propósito real es dar a esas compañías más control sobre sus mercados; todo se trata de girar dinero.
engspa-0060,eng_Latn,spa_Latn,English to Spanish,1_No_hallucination,No hallucination,"It is not a learning disability, it is a learning disorder; it ""affects 3 to 5 percent of all children, perhaps as many as 2 million American children"".","No es una discapacidad de aprendizaje, es un trastorno de aprendizaje; ""afecta al 3 a 5 por ciento de todos los niños, tal vez hasta 2 millones de niños estadounidenses""."
engspa-0076,eng_Latn,spa_Latn,English to Spanish,1_No_hallucination,No hallucination,Most televisions are made in a way to please the general public.,La mayoría de los televisores están hechos para complacer al público en general.
engspa-0077,eng_Latn,spa_Latn,English to Spanish,1_No_hallucination,No hallucination,"No, it wasn't. the consensus was to update box1, I guess those editors haven't got the memo yet.","No, no lo fue. El consenso era actualizar la caja 1, supongo que esos editores aún no han recibido el memorándum."
engspa-0080,eng_Latn,spa_Latn,English to Spanish,1_No_hallucination,No hallucination,"The setting might be an historic old building with antique furnishings, manicured grounds and a swimming pool.","El escenario podría ser un antiguo edificio histórico con muebles antiguos, terrenos cuidadosos y una piscina."
engspa-0083,eng_Latn,spa_Latn,English to Spanish,1_No_hallucination,No hallucination,Someone block this vandal!,¡Que alguien bloquee a este vándalo!
engspa-0084,eng_Latn,spa_Latn,English to Spanish,1_No_hallucination,No hallucination,ADD A 5th VANDALISM TO THIS PAGE FUCKER!!!,Añade un quinto vandalismo a esta maldita página!!!
engspa-0085,eng_Latn,spa_Latn,English to Spanish,1_No_hallucination,No hallucination,"Travel agencies have been around since the 19th century. A travel agent is usually a good option for a journey which extends beyond a traveller's previous experience of nature, culture, language or low-income countries.","Las agencias de viajes han existido desde el siglo XIX. Una agencia de viajes es generalmente una buena opción para un viaje que se extiende más allá de la experiencia previa de un viajero en la naturaleza, la cultura, el idioma o los países de bajos ingresos."
engspa-0089,eng_Latn,spa_Latn,English to Spanish,1_No_hallucination,No hallucination,"After all, I fail to understand the prose, let alone the genius, of M. Derrida; and my days are nice.","Después de todo, no entiendo la prosa, y mucho menos el genio, del señor Derrida; y mis días son agradables."
engspa-0092,eng_Latn,spa_Latn,English to Spanish,1_No_hallucination,No hallucination,"In the nomadic phase, army ants march at night and stop to camp during the day.","En la fase nómada, las hormigas del ejército marchan por la noche y se detienen en el campamento durante el día."
engspa-0094,eng_Latn,spa_Latn,English to Spanish,4_Full_hallucination,Hallucination,Kissinger,¿Por qué no ?
engspa-0098,eng_Latn,spa_Latn,English to Spanish,1_No_hallucination,No hallucination,"Basically, they fall into two categories: Either work while you travel or try and limit your expenses. This article is focused on the latter.","Básicamente, se clasifican en dos categorías: trabajar mientras viajas o limitar tus gastos."
engspa-0101,eng_Latn,spa_Latn,English to Spanish,1_No_hallucination,No hallucination,Then Whirling Dervishes took to the stage.,Entonces los Derviches Girantes subieron al escenario.
engspa-0104,eng_Latn,spa_Latn,English to Spanish,1_No_hallucination,No hallucination,"However, the discovery of his tomb in 1922 made him a celebrity. While many tombs of the past were robbed, this tomb was left virtually undisturbed.","Sin embargo, el descubrimiento de su tumba en 1922 le convirtió en una celebridad."
engspa-0107,eng_Latn,spa_Latn,English to Spanish,1_No_hallucination,No hallucination,Some countries have exceedingly draconian punishments even for first time offenses; these can include prison sentences of over 10 years or death.,Algunos países tienen castigos extremadamente dracánicos incluso por ofensas por primera vez; éstas pueden incluir penas de prisión de más de 10 años o muerte.
engspa-0108,eng_Latn,spa_Latn,English to Spanish,1_No_hallucination,No hallucination,"Since moving to the Catalan-capital, Vidal had played 49 games for the club.","Desde que se mudó a la capital catalana, Vidal había jugado 49 partidos para el club."
engspa-0112,eng_Latn,spa_Latn,English to Spanish,1_No_hallucination,No hallucination,"Good point, I just assumed that they are the same thing.","Bueno, supuse que eran lo mismo."
engspa-0119,eng_Latn,spa_Latn,English to Spanish,1_No_hallucination,No hallucination,This is made to ensure that the image covers the whole screen. That is called overscan.,Esto se hace para asegurarse de que la imagen cubre toda la pantalla.
engspa-0121,eng_Latn,spa_Latn,English to Spanish,1_No_hallucination,No hallucination,"The commissioner sets bail, if granted, and formalizes the charges filed by the arresting officer. The charges are then entered into the state's computer system where the case is tracked.","El comisionado fija la fianza, si se concede, y formaliza los cargos presentados por el oficial arrestador."
engspa-0125,eng_Latn,spa_Latn,English to Spanish,2_Small_hallucination,Hallucination,Former U.S. Speaker of the House Newt Gingrich came in second with 32 percent.,"El ex presidente de la Cámara de Representantes de Estados Unidos, Newt Gingrich, quedó en segundo lugar con el 32 por ciento."
engspa-0127,eng_Latn,spa_Latn,English to Spanish,1_No_hallucination,No hallucination,"In this resonance, magnetic field and radio waves cause atoms to give off tiny radio signals.","En esta resonancia, el campo magnético y las ondas de radio hacen que los átomos emitan pequeñas señales de radio."
engspa-0129,eng_Latn,spa_Latn,English to Spanish,1_No_hallucination,No hallucination,"For the first time, last year China exported more cars than Germany and surpassed the United States as the biggest market for this industry.","Por primera vez, el año pasado China exportó más automóviles que Alemania y superó a Estados Unidos como el mayor mercado para esta industria."
engspa-0132,eng_Latn,spa_Latn,English to Spanish,4_Full_hallucination,Hallucination,:Oh...,¿Por qué no lo haces?
engspa-0141,eng_Latn,spa_Latn,English to Spanish,1_No_hallucination,No hallucination,"Youve gotta admit, that video is pretty fucking funny...","Tienes que admitir, ese video es muy divertido..."
engspa-0145,eng_Latn,spa_Latn,English to Spanish,1_No_hallucination,No hallucination,Al Gore and General Tommy Franks casually rattle off their favorite headlines (Gore's was when The Onion reported he and Tipper were having the best sex of their lives after his 2000 Electoral College defeat).,Al Gore y el general Tommy Franks sacudieron casualmente sus titulares favoritos (Gore fue cuando The Onion informó que él y Tipper estaban teniendo el mejor sexo de sus vidas después de su derrota en el Colegio Electoral de 2000).
engspa-0146,eng_Latn,spa_Latn,English to Spanish,1_No_hallucination,No hallucination,Army ant colonies march and nest in different phases as well.,Las colonias de hormigas del ejército marchan y anidan en diferentes fases también.
engspa-0147,eng_Latn,spa_Latn,English to Spanish,1_No_hallucination,No hallucination,Project Launch.,Lanzamiento del proyecto.
engspa-0148,eng_Latn,spa_Latn,English to Spanish,1_No_hallucination,No hallucination,:::Jeez.,Dios mío.
engspa-0150,eng_Latn,spa_Latn,English to Spanish,1_No_hallucination,No hallucination,He documented himself in a 1998 book.,Se documentó en un libro de 1998.
engyor-0002,eng_Latn,yor_Latn,English to Yoruba,1_No_hallucination,No hallucination,It should be cleaned up and locked because at the moment it's just not worth the constant struggle to maintain it.,"Ó gbọ́dọ̀ wà ní mímọ́ tónítóní, ó sì yẹ kí wọ́n pa á mọ́ nítorí pé kò yẹ ká máa bá a nìṣó láti máa sapá láti mú un mọ́ra."
engyor-0007,eng_Latn,yor_Latn,English to Yoruba,1_No_hallucination,No hallucination,"In particular, the numbering system in French-speaking Belgium and Switzerland has some slight peculiarities that are different from the French spoken in France, and the pronunciation of some words is slightly different.","Láàárín àwọn orílẹ̀-èdè tó ń sọ èdè Faransé, ìyẹn Belgium àti Switzerland, ọ̀nà tí wọ́n gbà ń lo nọ́ńbà pọ̀ gan-an, ó sì yàtọ̀ sí èdè Faransè táwọn èèyàn ń sọ nílẹ̀ Faransé àti bí wọ́n ṣe ń sọ̀rọ̀ láwọn ọ̀rọ̀ kan."
engyor-0011,eng_Latn,yor_Latn,English to Yoruba,1_No_hallucination,No hallucination,There was a lot of commentary at the time on these connections and there is now an extensive scholarly literature that isn't drawn on in the article.,"Ọ̀pọ̀ èèyàn ló sọ ọ̀rọ̀ nípa àwọn ìdè yìí nígbà yẹn, àmọ́ ọ̀pọ̀ ìwé táwọn ọ̀mọ̀wé fi kọ ọ́ báyìí kò sí nínú àpilẹ̀kọ náà."
engyor-0013,eng_Latn,yor_Latn,English to Yoruba,1_No_hallucination,No hallucination,"In any case, if someone is blocked for politically incorrect use of edit summaries while making good edits, it's impossible to argue in favor of the block without arguing that content work is less important than a politically acceptable meta-presentation.","Ohun yòówù kó jẹ́, bí ẹnì kan bá ti di ẹni tí wọ́n fòfin de nítorí pé ó lò ó lọ́nà tí kò bófin mu nípa òṣèlú nígbà tó ń ṣe àwọn àtúnṣe tó dára, kò ṣeé ṣe láti gbèjà ìfòfinilòdì náà láìjẹ́ pé iṣẹ́ ìsọfúnni kò ṣe pàtàkì ju fífi àlàyé tó ṣeé tẹ́wọ́ gbà lọ́nà ìṣèlú lọ."
engyor-0032,eng_Latn,yor_Latn,English to Yoruba,1_No_hallucination,No hallucination,I haven't incorporated snippets of information from the former school articles in to the locality articles yet; I will touch this up tomorrow.,Mi ò tíì fi àwọn ìsọfúnni tó wà nínú àwọn àpilẹ̀kọ tí wọ́n gbé jáde níléèwé tẹ́lẹ̀ sínú àwọn ìwé tó wà ní àdúgbò; màá sọ̀rọ̀ nípa èyí lọ́jọ́ ọ̀la.
engyor-0043,eng_Latn,yor_Latn,English to Yoruba,3_Partial_hallucination,Hallucination,"An Avenger class mine countermeasures ship, the ship was on its way to Puerto Princesa in Palawan.",Ẹ̀kọ̀ọ̀kan lára àwọn ọkọ̀ ojú omi tí wọ́n ń lò fún àwọn ohun èlò ìkọ́lé ẹ̀mí tó wà nínú ẹ̀ka Avenger ló ń lọ sí Puerto Princesa ní ìlú Palawan.
engyor-0048,eng_Latn,yor_Latn,English to Yoruba,2_Small_hallucination,Hallucination,Sorry Wikipedia.,Ó dùn mí gan-an láti sọ fún Wikipedia.
engyor-0050,eng_Latn,yor_Latn,English to Yoruba,2_Small_hallucination,Hallucination,"""""""...",""" ... """
engyor-0054,eng_Latn,yor_Latn,English to Yoruba,3_Partial_hallucination,Hallucination,"Lead researchers say this may bring early detection of cancer, tuberculosis, HIV and malaria to patients in low-income countries, where the survival rates for illnesses such as breast cancer can be half those of richer countries.","Àwọn olùṣèwádìí tó ń mú ipò iwájú sọ pé èyí lè mú kí àwọn aláìsàn tó wà ní àwọn orílẹ̀-èdè tó ní ìnáwó tó dín kù tètè rí àrùn jẹjẹrẹ, àjàkálẹ̀ àrùn gágá, àrùn éèdì àti àìsàn ibà, níbi tí ìyókù àwọn aláìsàn bíi àrùn jẹjẹjẹrẹ àtẹ̀yìnwá lè jẹ́ ìdajì àwọn tó wà láwọn orílẹ̀-ède tó lówó lọ́wọ́."
engyor-0058,eng_Latn,yor_Latn,English to Yoruba,1_No_hallucination,No hallucination,You got some mail too.,Ìwọ náà ti gba lẹ́tà.
engyor-0062,eng_Latn,yor_Latn,English to Yoruba,1_No_hallucination,No hallucination,"Turkey's area makes it the world's 37th-largest country, and is about the size of Metropolitan France and the United Kingdom combined.","Àgbègbè orílẹ̀-èdè Tọ́kì ló mú kó di orílẹ̀-èdè tó tóbi jù lọ ní ayé ní ipò kẹtàdínlógójì, ó sì tó nǹkan bí ìlọ́po mẹ́tàdínláàádọ́rin àgbègbè ilẹ̀ Faransé àti ilẹ̀ Gẹ̀ẹ́sì."
engyor-0063,eng_Latn,yor_Latn,English to Yoruba,1_No_hallucination,No hallucination,"If you have objections, please raise them on the article talk page.","Tó o bá ní èrò kankan, jọ̀wọ́ gbé e sọ́wọ́ ojú ìwé ìjíròrò àpilẹ̀kọ náà."
engyor-0069,eng_Latn,yor_Latn,English to Yoruba,1_No_hallucination,No hallucination,The artistic event is also part of a campaign by the Bucharest City Hall that seeks to relaunch the image of the Romanian capital as a creative and colourful metropolis.,Ìṣẹ̀lẹ̀ yìí tún jẹ́ apá kan ìgbìmọ̀ ìlú Bucharest tó ń gbé ìgbésẹ̀ láti mú kí ìtumọ̀ olú ìlú Rọ́mánì di ìlú ńlá tó ní ìṣẹ̀dá àti ọ̀pọ̀ àwọ̀.
engyor-0074,eng_Latn,yor_Latn,English to Yoruba,1_No_hallucination,No hallucination,Possible long term health events from excessive drinking can include liver damage and even blindness and death. The potential danger is increased when consuming illegally produced alcohol.,"Àwọn ohun tó lè ṣẹlẹ̀ fún àkókò gígùn tó lè jẹ́ àbájáde ọtí àmujù lè mú kí ẹ̀dọ̀ bà jẹ́, ó tiẹ̀ lè mú kó di afọ́jú, ó sì lè mú kó kú."
engyor-0078,eng_Latn,yor_Latn,English to Yoruba,1_No_hallucination,No hallucination,"Regarding the global financial situation, Zapatero continued by saying that ""the financial system is a part of the economy, a crucial part.","Nígbà tó ń sọ̀rọ̀ nípa ipò ìṣúnná owó kárí ayé, Zapatero ń bá ọ̀rọ̀ rẹ̀ lọ, ó ní: ""Ìpínná owó jẹ́ apá kan ètò ọrọ̀ ajé, apá kan tó ṣe pàtàkì gan-an."
engyor-0086,eng_Latn,yor_Latn,English to Yoruba,1_No_hallucination,No hallucination,"The unmanned lunar orbiter Chandrayaan-1 ejected its Moon Impact Probe (MIP), which hurtled across the surface of the Moon at 1.5 kilometres per second (3000 miles per hour), and successfully crash landed near the Moon's south pole.","Àkọ̀kọ̀ òṣùpá Chandrayaan-1 tí kò ní awakọ̀ kọ̀ǹpútà fi ohun tó ń jẹ́ Moon Impact Probe (MIP) jáde, èyí tó ń sáré gba ojú òṣùpá kọjá ní ìṣẹ́jú kìlómítà kan àti ìdajì nínú ìṣẹ́jú kan, ó sì ṣàṣeyọrí láti kọlu ilẹ̀ nítòsí ìhà gúúsù òṣùpá."
engyor-0088,eng_Latn,yor_Latn,English to Yoruba,1_No_hallucination,No hallucination,"Followers pursue certain ways of living, or practices that are intended to nurture those experiences.",Àwọn tó ń tẹ̀ lé e máa ń gbé ìgbésí ayé wọn lọ́nà kan tàbí kí wọ́n máa ṣe àwọn nǹkan kan tí wọ́n lè ṣe láti mú kí ìgbésí ayé wọn sunwọ̀n sí i.
engyor-0089,eng_Latn,yor_Latn,English to Yoruba,1_No_hallucination,No hallucination,Keep in mind while planning that although Southern Africa is stable not all neighboring countries are.,"Rántí pé bó tilẹ̀ jẹ́ pé orílẹ̀-èdè Gúúsù Áfíríkà ti fìdí múlẹ̀ dáadáa, síbẹ̀ kì í ṣe gbogbo àwọn tó wà ládùúgbò rẹ̀ ló rí bẹ́ẹ̀."
engyor-0090,eng_Latn,yor_Latn,English to Yoruba,1_No_hallucination,No hallucination,...too gay... surely you could have found another way to phrase that. -,Ó dájú pé o lè ti wá ọ̀nà míì láti sọ ọ́.
engyor-0092,eng_Latn,yor_Latn,English to Yoruba,1_No_hallucination,No hallucination,:Creating obviously inappropriate pages and then removing the deletion notices from them is not behaviour that is welcomed on Wikipedia.,:Kídá àwọn ojúewé tí kò yẹ ní gbangba kí wọ́n sì wá yọ àwọn ìkìlọ̀ pípágà kúrò lára wọn kì í ṣe ìwà tó dára lórí Wikipedia.
engyor-0099,eng_Latn,yor_Latn,English to Yoruba,1_No_hallucination,No hallucination,Some countries have exceedingly draconian punishments even for first time offenses; these can include prison sentences of over 10 years or death.,"Àwọn orílẹ̀-èdè kan tiẹ̀ máa ń fìyà jẹ àwọn tó bá ṣẹ̀ fún ìgbà àkọ́kọ́ pàápàá, wọ́n sì máa ń dá wọn lẹ́wọ̀n tó ju ọdún mẹ́wàá lọ tàbí kí wọ́n pa wọ́n."
engyor-0108,eng_Latn,yor_Latn,English to Yoruba,1_No_hallucination,No hallucination,"People were hitting the panes with chairs, but the windows were unbreakable.","Àwọn èèyàn máa ń fi ìjókòó kọlu àwọn òpópónà, àmọ́ àwọn fèrèsé kò lè fọ."
engyor-0109,eng_Latn,yor_Latn,English to Yoruba,1_No_hallucination,No hallucination,":::Gwen, you're dealing with an obvious field expert here, doesn't look like you'r going to make much headway using logical arguments and whatnot.","Gwen, o ní ìjíròrò pẹ̀lú ògbógi kan tó dáńgájíá lórí ọ̀ràn yìí, kò dà bíi pé wàá tẹ̀ síwájú gan-an nípa lílo ẹ̀rí lílógíkì àtàwọn nǹkan míì."
engyor-0114,eng_Latn,yor_Latn,English to Yoruba,1_No_hallucination,No hallucination,":Like the general direction the changes are going in, but now the order is screwed up.","Àwọn ìyípadà náà máa ń wáyé ní àfikún sí ìyípadà tó ń wáyé, àmọ́ àbájáde rẹ̀ ti bà jẹ́ báyìí."
engyor-0117,eng_Latn,yor_Latn,English to Yoruba,1_No_hallucination,No hallucination,The other interview is a three page deal with the Shinichi Ito and Sunaho Tobe; I'll find the time to scan it within the next few days.,"Ìfọ̀rọ̀wánilẹ́nuwò mìíràn náà jẹ́ ìwé mẹ́ta tí Shinichi Ito àti Sunaho Tobe ṣe, mo máa rí àkókò láti ṣe àgbéyẹ̀wò rẹ̀ láàárín àwọn ọjọ́ mélòó kan tó ń bọ̀."
engyor-0129,eng_Latn,yor_Latn,English to Yoruba,4_Full_hallucination,Hallucination,spsmack my bitch up smack my bitch up smack my bitch up smack my bitch up smack my bitch up smack my bitch up smack my bitch up smack my bitch up smack my bitch up smack my bitch up smack my bitch up smack my bitch up smack my bitch up smack my bitch up smack my bitch up smack my bitch up smack my bitch up smack my bitch up smack my bitch up smack my bitch up smack my bitch up smack my bitch up smack my bitch upan,Gbé ẹ̀gàn mi sókè Gbé ẹ̀gàn mi lókè Gbé ewé mi sókè Gbè ewé mi lókè Gbè éwé mi gbè éwé Gbèé èéwé mi Gbè éèwé Gbè ééwé Mi Gbè é èéwé Gbè èéwé Èéwé Mi Gbé éèwé Gbé èéwé Mi
engyor-0135,eng_Latn,yor_Latn,English to Yoruba,1_No_hallucination,No hallucination,maybe you'll discover a simple beverage that you can make for breakfast when you're back to your daily routine.,ó ṣeé ṣe kó o ṣàwárí ohun mímu kan tó rọrùn tó o lè ṣe fún oúnjẹ ọ̀sán nígbà tó o bá pa dà sí ìgbésí ayé rẹ ojoojúmọ́.
engyor-0139,eng_Latn,yor_Latn,English to Yoruba,1_No_hallucination,No hallucination,:::::Please specify the policy which you claim has been broken...I mean cite the actual para/sentence in the relevant policy.,Jọwọ sọ̀rọ̀ nípa ìlànà tí o sọ pé a ti fọ̀ sí... mo ní í ṣe pè é sọ̀rọ̀ tó wà nínú ìlànà náà.
engyor-0157,eng_Latn,yor_Latn,English to Yoruba,1_No_hallucination,No hallucination,"""We were all simply in shock,"" the mother stated.","Màmá náà sọ pé: ""Àyà wa bà jẹ́ gan-an."
engyor-0163,eng_Latn,yor_Latn,English to Yoruba,1_No_hallucination,No hallucination,:::: What is this.,Kí ló ń ṣẹlẹ̀?
engyor-0166,eng_Latn,yor_Latn,English to Yoruba,1_No_hallucination,No hallucination,"Families with small children may need more preparations, but a day outdoors is easily possible even with babies and pre-school children.","Àwọn ìdílé tí wọ́n ní àwọn ọmọ kéékèèké lè nílò ìmúratán púpọ̀ sí i, ṣùgbọ́n ó rọrùn fún àwọn ọmọdé àti àwọn ọmọ tí kò tíì dé iléèwé láti lọ síta."
engyor-0167,eng_Latn,yor_Latn,English to Yoruba,1_No_hallucination,No hallucination,"The Il-76 has been a major component of both the Russian and Soviet military since the 1970s, and had already seen a serious accident in Russia last month.","Il-76 ti jẹ́ apá pàtàkì nínú àwọn ọmọ ogun ilẹ̀ Rọ́ṣíà àti ti Soviet láti ọdún 1970s, ó sì ti rí jàǹbá ńlá kan ní Russia lóṣù tó kọjá."
engyor-0168,eng_Latn,yor_Latn,English to Yoruba,1_No_hallucination,No hallucination,"And the presented information about movement Structure, Activities, Direction, Organization, Projects, Affiliation and so on does not violate any of the counts.","Àwọn ìsọfúnni tí wọ́n fúnni nípa ètò ìṣẹ̀dá, àwọn ìgbòkègbodò, ìdarí, ètò, àwọn iṣẹ́, ìfọwọ́sowọ́pọ̀ àti bẹ́ẹ̀ lọ kì í sì í rú àwọn àkọsílẹ̀ náà."
engyor-0169,eng_Latn,yor_Latn,English to Yoruba,1_No_hallucination,No hallucination,"Rules regarding regular photography also apply to video recording, possibly even more so.","Àwọn ìlànà tó dá lórí wíwo fọ́tò déédéé tún kan fídíò tí wọ́n fi ń ṣe fọ́tò, ó sì ṣeé ṣe kí wọ́n túbọ̀ ṣe bẹ́ẹ̀ sí i."
engyor-0171,eng_Latn,yor_Latn,English to Yoruba,1_No_hallucination,No hallucination,Over 60 cruise ships ply the Galapagos waters - ranging in size from 8 to 100 passengers.,Àwọn ọkọ̀ ojú omi tó lé ní ọgọ́ta ló ń rìnrìn àjò lórí àwọn erékùṣù Galapagos.
engyor-0173,eng_Latn,yor_Latn,English to Yoruba,1_No_hallucination,No hallucination,sex sex sex sex sex sexx sex sex sex sex sex sexsex sex sex sexsex sex sex sex sex sex sex sexsex sex sex ssex sex sex sex sex sex sex sexesex sex sex sex sex sex sex sexx sex sex sex sexsex sex sex sex sex sex sex sexsex sex sex sex sex sex sex sex,ìbálòpọ̀ ìṣekúṣe ìbálòpọ̀ ìbálọ̀pọ̀ ìbálọ́pọ̀ ìkọ́kọ́kọ̀ọ́
engyor-0177,eng_Latn,yor_Latn,English to Yoruba,1_No_hallucination,No hallucination,He is close to breaking 3RR and he's been harassing Noformation.,"Ó fẹ́rẹ̀ẹ́ fọ́ 3RR, ó sì ti ń ṣenúnibíni sí Noformation."
engyor-0181,eng_Latn,yor_Latn,English to Yoruba,1_No_hallucination,No hallucination,Nadal bagged 88% net points in the match winning 76 points in the first serve.,"Nadal gba ìdá mẹ́rìndínlọ́gọ́rin nínú ọgọ́rùn-ún àwọn kókó tó ní nínú ìdíje náà, ó sì gba ìdá mẹ́rìndínláàádọ́rin nínú márùnlélọ́gọ́rin kókó nínú iṣẹ́ àkọ́kọ́."
engyor-0187,eng_Latn,yor_Latn,English to Yoruba,1_No_hallucination,No hallucination,"Australia's former conservative government refused to ratify Kyoto, saying it would damage the economy with its heavy reliance on coal exports, while countries like India and China were not bound by emissions targets.","Ìjọba tó jẹ́ aláàánú ní Ọsirélíà tẹ́lẹ̀ kọ̀ láti fọwọ́ sí Kyoto, ó ní èyí yóò ba ètò ọ̀rọ̀ ajé jẹ́ nítorí pé ó gbẹ́kẹ̀ lé ọ̀pọ̀lọpọ̀ ohun tí wọ́n ń ra jáde látinú èéfín, nígbà tí àwọn orílẹ̀-èdè bíi Íńdíà àti Ṣáínà kò ní àwọn àfojúsùn tí wọ́n fi ń mú èéfín jáde."
engyor-0189,eng_Latn,yor_Latn,English to Yoruba,3_Partial_hallucination,Hallucination,Another disadvantage of zoom lenses is that the maximum aperture (the speed) of the lens is usually lower.,Ohun mìíràn tó tún máa ń ṣàkóbá fún àwọn lẹnsi tí wọ́n fi ń kẹ́kọ̀ọ́ lọ́nà àrà ọ̀tọ̀ ni pé ńṣe ni àlàfo tó pọ̀ jù lọ (ìyára) lẹnsi náà máa ń dín kù.
engzho-0002,eng_Latn,zho_Hans,English to Chinese,1_No_hallucination,No hallucination,HEELLO PEOPLE OUT THERE HOW IT GOING,"问候别人,好吧!"
engzho-0008,eng_Latn,zho_Hans,English to Chinese,1_No_hallucination,No hallucination,"In April this year, a temporary restaining order was issued by Judge Glynn against the facility to enforce the release of those held more than 24 hours after their intake who did not receive a hearing by a court commissioner.","今年4月,Glynn法官发出了一项临时停留命令, 强制释放那些在24小时后被拘留的人,"
engzho-0013,eng_Latn,zho_Hans,English to Chinese,1_No_hallucination,No hallucination,There's a reason we write an article and not just have pictures.,"我们写文章,而不仅仅是有照片的原因."
engzho-0017,eng_Latn,zho_Hans,English to Chinese,1_No_hallucination,No hallucination,"After the match, King of Clay said, ""I am just excited about being back in the final rounds of the most important events. I am here to try to win this.""","在比赛结束后,克莱王说:""我很高兴能回到最重要的赛事的最后一轮."
engzho-0022,eng_Latn,zho_Hans,English to Chinese,4_Full_hallucination,Hallucination,s sdfgsfdg ockpuppet,其他类型:
engzho-0029,eng_Latn,zho_Hans,English to Chinese,4_Full_hallucination,Hallucination,Aashishpaatidaar aashish patidar,"现在,我已经知道."
engzho-0033,eng_Latn,zho_Hans,English to Chinese,1_No_hallucination,No hallucination,"Sirena is the only ranger station that offers dormitory lodging and hot meals in addition to camping. La Leona, San Pedrillo, and Los Patos offer only camping with no food service.","拉莱奥纳,圣佩德里洛和洛斯帕托斯是唯一提供宿舍住宿和热餐服务的游牧站."
engzho-0035,eng_Latn,zho_Hans,English to Chinese,4_Full_hallucination,Hallucination,Ek het jou nota gelees oor die jakalsies.,我没有读过这些故事.
engzho-0036,eng_Latn,zho_Hans,English to Chinese,4_Full_hallucination,Hallucination,"DDDGVBMCXZHGJU,JUHSVVVVVVVVVVVVVVVVVVVVVVVVVVVVVVVVV CCCCCCCCCCCCCCCCCCC CCCCCCCCCCCCCCCCCCCCHBBBB","其他类型的产品,包括产品,产品和产品等."
engzho-0037,eng_Latn,zho_Hans,English to Chinese,1_No_hallucination,No hallucination,"Some of the rocks, which are very rare on Earth, are being sold from US$11,000 to $22,500 per ounce, which is about ten times more than the cost of gold.","有些岩石在地球上非常罕见, 价格从11,000美元到22,500美元的价格,"
engzho-0038,eng_Latn,zho_Hans,English to Chinese,1_No_hallucination,No hallucination,Doesn't seem logical why both pages are not.,"这似乎不合乎逻辑,为什么两个页面都没有."
engzho-0039,eng_Latn,zho_Hans,English to Chinese,1_No_hallucination,No hallucination,"""Some may not agree but I don't care.","""有些人可能不同意,但我不在乎."
engzho-0052,eng_Latn,zho_Hans,English to Chinese,1_No_hallucination,No hallucination,"John Grant, from WNED Buffalo (Reading Rainbow's home station) said ""Reading Rainbow taught kids why to read,... the love of reading — [the show] encouraged kids to pick up a book and to read.""","约翰·格兰特 (John Grant) 来自WNED Buffalo (阅读彩虹的本站) 说:""阅读彩票教导了孩子们为什么要阅读,..."
engzho-0067,eng_Latn,zho_Hans,English to Chinese,1_No_hallucination,No hallucination,Block Me son of a bitch...bloody cocksucking asshole,"阻止我,该死的狗狗!"
engzho-0075,eng_Latn,zho_Hans,English to Chinese,4_Full_hallucination,Hallucination,FFFFFFFUUUUUUUCCCCCCKKKKKASS FUCK,"狗狗,狗狗."
engzho-0083,eng_Latn,zho_Hans,English to Chinese,1_No_hallucination,No hallucination,The militaristic nature of the Roman empire aided in the development of medical advances.,罗马帝国的军事性助长了医疗技术的发展.
engzho-0084,eng_Latn,zho_Hans,English to Chinese,1_No_hallucination,No hallucination,Hesperonychus elizabethae is a species of the family Dromaeosauridae and is a cousin of Velociraptor .,"希斯佩罗尼克斯·伊丽莎贝特hae 是 Dromaeosauridae家族的一种,也是Velociraptor的表弟."
engzho-0086,eng_Latn,zho_Hans,English to Chinese,1_No_hallucination,No hallucination,Eaten? that's a bit harsh.,吃了吗? 这有点严厉.
engzho-0090,eng_Latn,zho_Hans,English to Chinese,1_No_hallucination,No hallucination,"Another famous Greek is a mathematician Pythagoras, mostly known for his famous theorem about relations of the sides of right triangles.","另一个著名的希腊人是数学家皮塔哥拉斯,他主要以他的著名定理而闻名,"
engzho-0091,eng_Latn,zho_Hans,English to Chinese,1_No_hallucination,No hallucination,NOW DROP AND GIVE ME 20!,"现在放下,给我20个!"
engzho-0092,eng_Latn,zho_Hans,English to Chinese,1_No_hallucination,No hallucination,"In the heat of the day, travelers can experience mirages that give the illusion of water (or other things).","在白天的炎热中,旅行者可以体验到水 (或其他东西) 的幻觉."
engzho-0096,eng_Latn,zho_Hans,English to Chinese,1_No_hallucination,No hallucination,"Only the effects of catastrophizing, not depression and fear was conditional of regular weekly structured PA sessions.","只有灾难性的效果,而不是抑郁和恐惧,"
engzho-0099,eng_Latn,zho_Hans,English to Chinese,1_No_hallucination,No hallucination,kill ya niggas i hate fuckin black people klue kluxs klann hell yea!!!!!!!!!!!!!!!!!!,杀死你们黑人. 我讨厌黑人.
engzho-0104,eng_Latn,zho_Hans,English to Chinese,1_No_hallucination,No hallucination,:::::I certainly do disagree with you.,我绝对不同意你的观点.
engzho-0109,eng_Latn,zho_Hans,English to Chinese,1_No_hallucination,No hallucination,The crash site was located today and is so inaccessable that two policemen were dropped into the jungle in order to hike to the scene and seek survivors.,"事故现场是今天发现的, 难以进入的,"
engzho-0111,eng_Latn,zho_Hans,English to Chinese,1_No_hallucination,No hallucination,"San Francisco is also one of the best places in the nation for other Asian cuisine: Korean, Thai, Indian, and Japanese.","旧金山也是该国其他亚洲料理最好的地方之一:韩国,泰国,印度和日本菜."
engzho-0114,eng_Latn,zho_Hans,English to Chinese,1_No_hallucination,No hallucination,"Let's be clear on the problem: the French name is used throughout most of the world, except by the U.S. media, who seems to feel that their primary job is to dumb Americans down by eliminating the use of foreign words and phrases.","让我们清楚问题:除了美国媒体外,法国的名字在全球大部分地区都被使用,"
engzho-0115,eng_Latn,zho_Hans,English to Chinese,1_No_hallucination,No hallucination,"The capsule will be traveling at about 12.8 km or 8 miles per second, fast enough to go from San Francisco to Los Angeles in one minute.","飞机将以每秒128公里的速度飞行,足以从旧金山到洛杉矶飞行."
engzho-0122,eng_Latn,zho_Hans,English to Chinese,1_No_hallucination,No hallucination,"In the last 3 months, over 80 arrestees were released from the Central Booking facility without being formally charged.","在过去的3个月里,超过80名被捕者从中央预订设施中被释放,"
engzho-0127,eng_Latn,zho_Hans,English to Chinese,1_No_hallucination,No hallucination,"If it's climbing ability had been as good as some are trying to make out here, it would be reasonable to expect them to use tactics more in the vein of the Spitfire or Bf-109.","如果它的爬行能力像一些人试图表现的那样好,那么我们应该希望他们更像Spitfire或Bf-109这样的战术."
engzho-0129,eng_Latn,zho_Hans,English to Chinese,1_No_hallucination,No hallucination,"The chimpanzee's hand and foot are similar in size and length, reflecting the hand's use for bearing weight in knuckle walking.","黑猩猩的手和脚的尺寸和长度相似,"
engzho-0132,eng_Latn,zho_Hans,English to Chinese,4_Full_hallucination,Hallucination,"Brgds,","公司,"
engzho-0134,eng_Latn,zho_Hans,English to Chinese,1_No_hallucination,No hallucination,: (sockpuppet and single-purpose account) is edit-warring with everyone at Iraq.,在伊拉克的每个人都在进行编辑战争.
engzho-0135,eng_Latn,zho_Hans,English to Chinese,1_No_hallucination,No hallucination,"They're regaling each other with stories from their hometowns, told in their distinct accents and local argot.","他们互相分享自己的家乡的故事, 用不同的口音和当地口语讲述."
engzho-0147,eng_Latn,zho_Hans,English to Chinese,1_No_hallucination,No hallucination,"Renaming to computing seems reasonable, though less important.","改名为计算机似乎是合理的,虽然不那么重要."
engzho-0151,eng_Latn,zho_Hans,English to Chinese,2_Small_hallucination,Hallucination,"At its peak, Tropical Cyclone Gonu, named for a bag of palm leaves in the language of the Maldives, reached sustained winds of 240 kilometers an hour (149 miles per hour) .","在其峰值时,热带气旋Gonu以马尔代夫人的语言命名为棕 ?? 叶袋."
engzho-0152,eng_Latn,zho_Hans,English to Chinese,1_No_hallucination,No hallucination,Visitors with limited time would be best to spend their time elsewhere.,有时间有限的游客最好在别的地方度过时间.
engzho-0153,eng_Latn,zho_Hans,English to Chinese,1_No_hallucination,No hallucination,Zayat was unhurt in the accident.,扎伊特在事故中没有受伤.
engzho-0154,eng_Latn,zho_Hans,English to Chinese,1_No_hallucination,No hallucination,Nobody's suggesting the community is 'so' noncommercial.,"没有人暗示社区是""如此""非商业."
engzho-0155,eng_Latn,zho_Hans,English to Chinese,1_No_hallucination,No hallucination,This good 'ole highjacker has jacked his last page.,这位善良的强盗抢走了他的最后一页.
kaseng-0003,kas_Deva,eng_Latn,Kashmiri to English,1_No_hallucination,No hallucination,यि जहाज़ ओस यिवान ऊरकोतसुक निन ति यि ओस यिवान उंदरूनी फूजयोव ज़रयि चलावनि ।,The ship was nicknamed Urcotus and was operated by internal troops.
kaseng-0012,kas_Deva,eng_Latn,Kashmiri to English,1_No_hallucination,No hallucination,मुक़ामी बोल्न वालें हिंज़ तेदाद छु एम नख मुखतालीफ़ आसन ज़ि वरयाह क़रीब सान छु मुतलिक बोली हुनद शुमार करनी ईवान।,The number of native speakers is unlikely to increase over the next several years.
kaseng-0013,kas_Deva,eng_Latn,Kashmiri to English,1_No_hallucination,No hallucination,"एमसुंद दोईम पंज ओस बोड, एम किन एमिस नाव हेस्पेरोनीचुस (Hesperonychus) पेव एमयुक मतलब छु ""मगरिबी पंज।""","His second leg was larger, hence his name Hesperonychus (Hesperonychus) meaning ""poor leg""."
kaseng-0014,kas_Deva,eng_Latn,Kashmiri to English,1_No_hallucination,No hallucination,"ताहम छु सटार एलायंस (Star Alliance) मशरिकी जुनूबी बहरि अलकाहिल (South Pacific) बगेर हर कुनि चीज़ुक इहात करान ,सेन्टियगो डी च्यल (Santiago de Chile) पेठ ताहिती (Tahit) ताम ,युस ज़नि LATAM कुल डुनया परवाज़ छि ।","Nevertheless, the Star Alliance covers everything from the eastern southern outskirts of the South Pacific, from Santiago de Chile to Tahiti, where LATAM is a global authority."
kaseng-0015,kas_Deva,eng_Latn,Kashmiri to English,4_Full_hallucination,Hallucination,"ताहम यि गसी नि वाक़ी तहनज़ी तशवीश नख दूर गसून, कीयज़की अक्सर सायाह छु गाड़ी भरनी बापथ इर्द गिर्द घुमान।","However, the actual acceleration does not go far enough, as often the saw moves around to fill the car."
kaseng-0017,kas_Deva,eng_Latn,Kashmiri to English,4_Full_hallucination,Hallucination,एन बी ए (NBA) कि एमी फैसलि करनि पति उटाह जाज (Utah Jazz) एक प्लयेरिन कोविड-19 (COVID-19)वायरसिच अख मुस्बत मालूमात हासिल।,"The NBA's decision that Amy's husband, Utah Jazz, received positive information about a plague caused by the COVID-19 virus."
kaseng-0018,kas_Deva,eng_Latn,Kashmiri to English,3_Partial_hallucination,Hallucination,"स्टेरनज़ छु एम कथि हिंज़ तहक़ीक़ात करान ज़ि आया निगरानी ति तफ़तीश छ जेली कमिटी हिन्द चेयर में सिंज हेसियात सीथ मंसूबह बंदी शुदाह वलदिनीयत कि ज़रयि इसकत हमल कि मेली मदद बापथ टेक्स इस्तिमाल करान, यूस ज़न हाउस एनर्जी ति कॉमर्स कॉममिटते हिंज़ छेतरी तल छु।","Sternz investigates how the supervision and investigation by the chair of the House Judiciary Committee of the U.S. House of Representatives of the United States of America's ability to deliberately ban the use of taxation to aid in the conduct of attacks, both domestic energy and commercial commitments, is at a disadvantage."
kaseng-0020,kas_Deva,eng_Latn,Kashmiri to English,3_Partial_hallucination,Hallucination,तिमिस जीवाशिम किस बुन्यादस पेठ तिमुक मतलब छु कि तक़सीम छी एमिस ब्रूंठ युस सालमति गावहास सेत मुतवका छी।,"On the basis of their fossils, they mean that the boundaries of their bridges correspond to those of the Salmati village."
kaseng-0021,kas_Deva,eng_Latn,Kashmiri to English,1_No_hallucination,No hallucination,आरमेनयाचि (Armenian) पुशत पनाही कि वजह बने अख नव जुमहूरया । ताहम कंहति कायिम शुडह कोम -यहां तक कि आरमेनया (Armenia) ति छनि आठ सरकारी तोर तस्लीम करान ।,"The Armenian refugee crisis led to the creation of a new republic. However, the southern part of the country - even Armenia - is now officially recognized."
kaseng-0022,kas_Deva,eng_Latn,Kashmiri to English,1_No_hallucination,No hallucination,"अगरची चिली 1810 मंज़ आज़ाद गसनुक ऐलान कोर (नेपोलेयन केन जंग हन दोरान एम स्पेन हस किहन वारीहन बापथ मरकज़ी हकूमत कि बगेर याली तरो0, 1818 ताम आय नि हसपानवी हस पेठ फेसलह कुन फतह हेसिल करनी।","Although Chile proclaimed independence in 1810 (during the Napoleonic Wars it was granted to Spain some control over the central government), by 1818 it had decided not to impose a victory on the Spanish."
kaseng-0025,kas_Deva,eng_Latn,Kashmiri to English,1_No_hallucination,No hallucination,"Il-76 1970 छु रूसी (Russian ) ति सोवियत (Soviet) डॉनवानी मिलटरीयन ह्युंद 1970s पेठ अख अहम हिस, ति बेइ छुस ब्रूनठई पतमी रेत अख हादिश वुछमुत रूसस(Russia) मंज़ ।","The Il-76 1970 has been an important part of the Russian and Soviet Donovan military since the 1970s, and has also been seen as a precursor to the Brunei-aftermath invasion of Russia."
kaseng-0028,kas_Deva,eng_Latn,Kashmiri to English,1_No_hallucination,No hallucination,"किह हफतह ब्रूनठ, अल्फा TV यस मंज़ पननिस मैशहूर टेलिविज़न शो ""ज़ोनगला"" मंज़ साहफी माकस ट्रियनटा फ़ेलो पोलोस संद तरफि शाई करनी आमतयोव मालूमातोव पत, रुकनी परलीमेंट ति वकील पेटरूस मानटोव लोस आव अमी खातिर यल त्रावनी कि एमसेंद दफ्तरिक अरकान आसी गैर कानूनी रिश्वत खोरी ति बद उनवानी मंज़ मूलवास ।","A few weeks later, after the usual information of Safi appearing on Alpha TV's famous television show ""Zongla"" as a trio member of the Polos side, parliamentarian and lawyer Petrus Manato lost to Amy after being found guilty of unlawful bribery and misappropriation of office property."
kaseng-0038,kas_Deva,eng_Latn,Kashmiri to English,3_Partial_hallucination,Hallucination,लालच ति खुद गर्ज़ी रोज़न् हमेश असि साथि ति यि छु तआवुनिच नव्यत कि एलि अक्सरयतस फायदह वातायन छु ति खोद गरज़ी छि काम हेथ कलील मुदती मंज़ हमेश ज़्याद हासिल गसान ।,Greed and self-righteousness are always accompanied by a new understanding that the environment is often beneficial and that more important things can always be achieved in the short term.
kaseng-0041,kas_Deva,eng_Latn,Kashmiri to English,2_Small_hallucination,Hallucination,"फ़ी रात कम REMs हन सीथ, यि हालत यथ मंज़ तुही हक़ीक़ी निन्दिर छु ईवान ति तुहुनद जिस्म छु ठीक सपदान, छु मुश्किल बनान।","With fewer REMs per night, a condition in which you have a good night's sleep and your body is healed becomes more difficult."
kaseng-0044,kas_Deva,eng_Latn,Kashmiri to English,1_No_hallucination,No hallucination,यि जाज़रीयह छु एम दावा सीथ मुतसदिम ज़ि ज़ून छु जाग्राफियाई सरगर्मी सीथ मुकमल तोर पैठ आरी।,This explanation is supported by the claim that the Zune is entirely surrounded by geographical activity.
kaseng-0049,kas_Deva,eng_Latn,Kashmiri to English,1_No_hallucination,No hallucination,केह मुल्कन मन्ज़ चू गोदाई जुर्मास खिलाफ़ सखत सज़ा.तिमो मन्ज़ चू 10 वारिय खो ज़्याद क़ैदुक साज़ा या मौत शमील आसन।,"In some countries, the penalties for first-degree felonies include more than 10 years in prison or death."
kaseng-0051,kas_Deva,eng_Latn,Kashmiri to English,1_No_hallucination,No hallucination,"मुताल साथि छु पाय लॉगमुत कि ज़ेहनी तनाव, खोफ ति तबाही कर दगि ति माज़ूरी दरमियान तालुकिच वथ हम्वार कमरि किस बोनिमिस हिसस डग करन वालेन मंज़ ।","Studies have also shown that increased stress, drowsiness, and distress can also be caused by the interaction between the brain and the spinal cord in those who digest the bony part of the spine."
kaseng-0058,kas_Deva,eng_Latn,Kashmiri to English,1_No_hallucination,No hallucination,"परानि ज़मानिक चीज़, जदीद तरीन सहूलियातन ह्युंद फुकदान, ति केंह परानि खूबसूरती ति छु इंन हिन्दि करदारुक हिस ।","Ancient objects, modern civilizations, and some ancient beauties are also part of the human condition."
kaseng-0059,kas_Deva,eng_Latn,Kashmiri to English,4_Full_hallucination,Hallucination,कबीकबारछुमाहिरफ़ज़ाधोराकोहपैय्मानीबापथइयापोलतामवातनीबापथइन्लेंदगछानयतीअखबोडअदिछु।,It is also important to note that this is not the only way to prevent the spread of infectious diseases.
kaseng-0060,kas_Deva,eng_Latn,Kashmiri to English,3_Partial_hallucination,Hallucination,टेमान जयन म आसेव पाथेर जमीन्स पाठ शॉनगन याते तुही पथे ने आसेव फॉन केश चेय.,"Since then, I have acquired stone lands such as Shonggan where I have never acquired any of my hair."
kaseng-0081,kas_Deva,eng_Latn,Kashmiri to English,1_No_hallucination,No hallucination,"फ्रेड (Fred) हस नख छु मज़बूत ट्रापिकल सिक्लोन समंदरी तूफ़ान यूस फिलहाल अटलांटिक हस मंज़ जनूब ति मशरिक़ मंज़ सेटतेलीते इमिज्री कि आमद पति रेकॉर्ड आव करनी, बेयि छु 35°W कि मशरिक़ मंज़ सारवी खोत बाड समंदरी तूफ़ान छु।","Fred is currently the strongest tropical cyclone ever recorded in the South and East Atlantic, and is the largest tropical storm ever recorded east of Savai'i at 35°W."
kaseng-0082,kas_Deva,eng_Latn,Kashmiri to English,1_No_hallucination,No hallucination,"सेन फ्रेंसिस्को छु दीगर एशियन खेन बापथ मूलक्स मंज़ बेहतरीन मुकामात मंज़ अख: कोरियन, थाई, इंडियन, ति जापानी।","San Francisco is one of the best places in the world for Asian expatriates: Korean, Thai, Indian, and Japanese."
kaseng-0083,kas_Deva,eng_Latn,Kashmiri to English,2_Small_hallucination,Hallucination,यि रेज़ोलूशन छु 35 mm (3136 mm2 बा मुकाबल 864) नगेटिव निश लग बग चोर घन दिवान ।,This resolution gives a bug density of up to 35 mm (3136 mm2 vs. 864) negative.
kaseng-0085,kas_Deva,eng_Latn,Kashmiri to English,4_Full_hallucination,Hallucination,"बीक अलकेक लीक चेय अक्सर यरणस वजह वणं तोर गैस नेय खेया ते रे, बेआई जरेयर चेय अंडपठेकान बचन सेयतः गिंदनस वणं।","Alkaline leakage of tea is often attributed to natural gas leakage and irradiation, and is often referred to as the leakage from the end of the tea process."
kaseng-0093,kas_Deva,eng_Latn,Kashmiri to English,1_No_hallucination,No hallucination,अगर टेमीस पननि गाड़ी हिंज़ कुनज़ रेवमीच आयासी तेमिस छु तेलि मुखतालीफ़ तरिक्स मंज़ फेसलीह कार्निच जरूरत ति यि ऐस तेम सिंज पनिन गेड यथ अंदर सी देखील गसनीच कुशीश ओस करान।,"If Thames had the dimensions of his car's rear wheels, he would need different kinds of meat in different directions and he would have his own wheels that he was trying to get inside."
kaseng-0094,kas_Deva,eng_Latn,Kashmiri to English,4_Full_hallucination,Hallucination,पर्वनिस बचास खटेरे वीजा हॉक रातनुक तरेकी चेय अलग आम सायह यह कार्बेरान खोटे।,The festival's rescue of the Khateer visitor can be seen at night as a different phenomenon than that of the carburetor.
kaseng-0097,kas_Deva,eng_Latn,Kashmiri to English,1_No_hallucination,No hallucination,सथच कशीदगी हिंद वजह साथि छि स्टीलच सचन आबस पेठ ईर रोज़ान ।,The reason for the stainless steel staining is that the steel stains on the water.
kaseng-0103,kas_Deva,eng_Latn,Kashmiri to English,3_Partial_hallucination,Hallucination,ऐ सी ऐम ऐ (ACMA) लोब यिति विडए इंटरनेट्स पेठ स्ट्रीम गसनि ब वजूद आस नि बोड भाई (Big Brother)आन लाइन मवाद संसर शिप कानूनन हिंज खिलाफ वरज़ी क्रमच ति कयाज़ी मीडीया ओस नि आमुत बोड बॉय (Big Brother) सिंज़ वेब साईटि पेठ महफूज थावनि ।,"The ACMA lobby, which was streamed on the Internet for free, was a line of protests against Big Brother's anti-submarine laws and how the media was able to control the Big Brother website."
kaseng-0108,kas_Deva,eng_Latn,Kashmiri to English,1_No_hallucination,No hallucination,"पतमेन ट्रेन ढलें दोरान, सरकारी तोर एक कॉमनूनिस्ट रियासत रोजनि बावजूद, चीनन (China) केर अख मार्केट मईशत तयार ।","During the subsequent train collapse, despite the government choosing a communist state, a market for China (China) was ready."
kaseng-0111,kas_Deva,eng_Latn,Kashmiri to English,1_No_hallucination,No hallucination,अख सेल छु अकीस जानदार (चीज़ ) कि हायातीयत कि सारवी खोत लकची सख्त ति फ़अल अकाई।,A cell is the only known (choice) of life that is harder and less abundant than all other living things.
kaseng-0117,kas_Deva,eng_Latn,Kashmiri to English,1_No_hallucination,No hallucination,अगर तूह खुर्दबीन तल जिंदह चीज़ विचू तूह विचू तेलि ज़ि तिम छु लकतें डबन या बालन हिन्द पैठ।,"If you look at the bottom of a living thing, you'll think it's on a small cloth or hair."
kaseng-0120,kas_Deva,eng_Latn,Kashmiri to English,1_No_hallucination,No hallucination,"ताहम, 1922 हस मंज़ एम किस मकबराह कि दरयाफ़्त हन बनो यि मशहूर शख्सियत। हालांकि माज़ी हिक वरयाह मकबराह आय लोटावनी, यि मकबराह सपुद अमली तोर पैठ महफूज़।","However, the discovery of his tomb in 1922 made him a household name. Although the tomb was restored over the years, the tomb remained virtually intact."
kaseng-0123,kas_Deva,eng_Latn,Kashmiri to English,2_Small_hallucination,Hallucination,"यि छु पतिमिस रेपोर्ट्स साथि टकरवान, यथ मंज़ यि ओस आमुत ज़ी रावंड मंसूख करुन छु आयीनस खिलाफ ।","This is in contrast to the Petitioner's report, in which it was given a two-round plea against Aien."
kaseng-0124,kas_Deva,eng_Latn,Kashmiri to English,4_Full_hallucination,Hallucination,सासबेधअमलीहाँहिंदजोड़ीछुगरमीकेनधोहनमंज़योरचोरनधोहनरोज़्नीयिवान; वारयाहकमतेधाधछुसरमाहसमंज़येतीरोज़ान।,"In general, fishermen's combinations of fishermen and fishermen are often overlooked; most fishermen are overlooked."
kaseng-0127,kas_Deva,eng_Latn,Kashmiri to English,1_No_hallucination,No hallucination,ADD छु दुयमें सतही यान सीथ तालुकात मुतासीर करान कीयज़की दुईम बची छु नि यि संजान ज़ि तिम कीयजी छु इथकण किम करान ईथ कण तिम करान छु या तिम कीयजी छु पननि अंदाज़ मुताबिक हिजे करान या इंन हीज मुटुरिटी हिंज़ सतह छु मुखतालीफ़ आसन।,ADD refers to the relationship between the second surface being because the second remains unconscious of whether the object is doing the same thing as it is doing or whether the object behaves in its own way or whether the surface of the object itself is different.
kaseng-0132,kas_Deva,eng_Latn,Kashmiri to English,4_Full_hallucination,Hallucination,"अकीस नायस मुल्कस माँज रओजूँ ते पथवाली करें चेय अकह असूल अंदाज तातुक महोल संजीन खटेरे, नवें लोकां संकहों, पैन बरस माँज जाणून, बेआई नाव कामे हश नेयक ते असूल तरेकी।","Only twenty-nine countries have ratified and ratified the treaty in accordance with the principles of the Mahal Sanjin Khetere, the new Lok Sabha, the Pan-Arab Sabha, and the name of the country's leader and leader."
kaseng-0135,kas_Deva,eng_Latn,Kashmiri to English,2_Small_hallucination,Hallucination,येली अहलिकार वेत यि अपार्टमेंट फोंट।,Yelli Ahlikar is the founder of this apartment.
kaseng-0145,kas_Deva,eng_Latn,Kashmiri to English,1_No_hallucination,No hallucination,फिलहाल छु नि यी मोलुम ज़ि लड्कास पेठ क्याह इल्ज़ामात यिन लगवनी या हुकमो केम चीज़ हीच कयादत केर मगर वाकी छु अधलत हस मंज़ नाबालिग सिंज कर्वेयी शरू गेमिच।,"It is unknown at this time whether any charges or sentences will be brought against the child, but it is likely that the child will be involved in the offence."
kaseng-0146,kas_Deva,eng_Latn,Kashmiri to English,1_No_hallucination,No hallucination,"केटलन कैपिटल कुन मुंतक़ली करनी पति, विडाल हन छु क्लब बापथ 49 मेच गिंदमित।","Her husband, Vidal Khan, who moved to the Catalan capital, played 49 matches for the club."
kaseng-0150,kas_Deva,eng_Latn,Kashmiri to English,1_No_hallucination,No hallucination,"यि छु अमरीकी बहरिया किस सेतमिस फ्लीट हस तफ़विज़ करनी अमूत ति यि छु जापान किस नागासाकी ससीबों (Sasebo, Nagasaki) मंज़ मुकिम।","It is intended to distinguish the fleet from that of the United States Navy and is based in Nagasaki Prefecture (Sasebo, Nagasaki, Japan)."
mnieng-0003,mni_Beng,eng_Latn,Manipuri to English,2_Small_hallucination,Hallucination,মাসানা য়ামদ্রবদা 2009গী লেমহৌরিবা সিজন অসি পোত্থারগনি।,Massa will produce at least the remainder of the 2009 season.
mnieng-0015,mni_Beng,eng_Latn,Manipuri to English,4_Full_hallucination,Hallucination,"মীওইবগী মখুৎ অসি খোংদগী হেন্না তেল্লী, অমসুং খুৎশাশিং অসি হেন্না তিংলপ তৌই।","The mouth of man is heavier than the tongue, and the hands are sharper."
mnieng-0016,mni_Beng,eng_Latn,Manipuri to English,2_Small_hallucination,Hallucination,য়ু কা হেন্না থকপনা মতম শাংনা ওইহনলকপা য়াবা অনাবশিংগী মনুংদা লিভর শোকপা অমসুং মীৎ তাংবা অমসুং শিবা ফাওবা য়াওবা য়াই।ওইবা য়াবা খুদোংথীবা অসি আইন কায়না পুথোকপা য়ুশিং থকপনা হেল্লি।,The long-term consequences of overeating can include liver damage and fatigue and even death.
mnieng-0017,mni_Beng,eng_Latn,Manipuri to English,3_Partial_hallucination,Hallucination,"য়ারিবমখৈ মীওই কয়াগা ৱারী শানবা হোৎনৌ।মতম খরগী তুংদা, মখোয়না অদোম্বু শকখঙগনি অমসুং করম্বা হিনা কনা থিবগে হায়বগী ৱারোল তাক্লক্কনি।","Try to talk to as many people as possible. After a while, they will recognize you and give you an account of who you are."
mnieng-0020,mni_Beng,eng_Latn,Manipuri to English,3_Partial_hallucination,Hallucination,অদোম্না করি পুরকপা য়াবগে নত্ত্রগা য়াদবগে হায়বা অদোম্না শোইদনা খঙনবা হোৎনোউ অমসুং আইনগী মনুং চনবদা লৈবশিংদি হান্ননা হায়দোকউ।,"If you want to know what you can bring and what you can't bring, and if you're in trouble with the law, say it first."
mnieng-0024,mni_Beng,eng_Latn,Manipuri to English,3_Partial_hallucination,Hallucination,হৈ শিংলবা নোংথক্কী তুর খক্তনা মরক-মরক্তা অচৌবা বেজ লৈবা মনুং হঞ্জিনবা মফমদা চিং কাবা নত্ত্রগা পোলদা য়ৌনবা চৎলি।,Only a skilled western tour will occasionally reach a large-base indoor ski area or pole.
mnieng-0027,mni_Beng,eng_Latn,Manipuri to English,3_Partial_hallucination,Hallucination,"নুমিৎনা উনশিংবু শাহনবা অসিনা মতম খরদা হায়রিবা শাফু অসি ওইবা য়াওই, করিগুম্বা খরদনা উন খরা হেন্না তারকপা নত্ত্রগা মীওইবনসু ওইবা য়াবা অতোপ্পা মহৌশাগী থৌওং খরনসু ওইবা য়াই।","Solar eclipses sometimes involve this effect, sometimes due to some other natural processes that are slightly more luminous or even human-caused."
mnieng-0039,mni_Beng,eng_Latn,Manipuri to English,2_Small_hallucination,Hallucination,মফম অসিদা ত্রান্সপোর্তেসন সেন্তর অমগা লোয়ননা ময়ায়দা মেমোরিএল পার্ক অমগা লোয়নবা অনৌবা স্কাইস্ক্রেপ্পর মঙা শাবগী থবক চত্থরি।,"Five new skyscrapers are being built here, along with a transportation center and a memorial park on the property."
mnieng-0041,mni_Beng,eng_Latn,Manipuri to English,1_No_hallucination,No hallucination,কম্প্যুতরশিং অসি হৌজিক্কান্দি মমি নত্ত্রগা ভিদিও শেমদোক শাদোকপদা শিজিন্নৈ।,Computers are now used to edit images or videos.
mnieng-0047,mni_Beng,eng_Latn,Manipuri to English,2_Small_hallucination,Hallucination,"খ্বাইদগী চাউনা থবক পীরিবা সেক্তরশিংদি প্রোফেস্নেল সর্ভিসশিং, সরকার, ফাইনান্স, ললোল-ইতিক অমসুং তুরিজমনি।","The largest employment sectors are professional services, government, finance, finance and tourism."
mnieng-0049,mni_Beng,eng_Latn,Manipuri to English,2_Small_hallucination,Hallucination,মরু ওইবা সাইন্তিফিক ইনস্ত্রুমেন্ত অহুম পুবগী মথক্তা লুনর প্রোব অদুগী নাকল পুম্নমক্তা ভারতকী জাতিগী ফিরাল য়েকখি।,"In addition to the three main scientific instruments, all copies of the lunar probe were marked with Indian nationality."
mnieng-0052,mni_Beng,eng_Latn,Manipuri to English,3_Partial_hallucination,Hallucination,ওফিসিএলশিংনা হায়খি মদুদি তুংদা হৌনবী মতুং ইন্না কুমওন থৌরম পাংথোক্নবগী মতম লেপ্লে।,Officials said the ceremony was scheduled to be held later in the day.
mnieng-0055,mni_Beng,eng_Latn,Manipuri to English,1_No_hallucination,No hallucination,এতম হায়বসি পোৎ খুদিংমকপু শাগৎপদা চংবা খ্বাইদগী মরু ওইবা মচংশিংগী মনুংদা অমনি হায়না লৌনৈ।,The atom is considered to be one of the most important materials needed to make anything.
mnieng-0056,mni_Beng,eng_Latn,Manipuri to English,2_Small_hallucination,Hallucination,লাইৎ বল্ব অদু শিন্দোকপা তঙাইফদ্রে।লাইৎ বল্ব শিনবা হায়বসি য়াম্না চেকশিনবা অমা তঙাইফদে।,The light bulb does not need to be inserted.
mnieng-0064,mni_Beng,eng_Latn,Manipuri to English,1_No_hallucination,No hallucination,"অতোপ্পা অমদনা, তুরিস্তশিংগী লৈফম নত্তবা মপান্দা লৈবশিং খক্তনা রেজিস্তর তৌবা চঙগনি।অদুমওইনমক, মসিনা আইন অদু হেন্না ময়েক শেংহন্দে, মরম অদুনা মাংজৌননা হংদোকহৌগদবনি।","Otherwise, only outsiders who are not tourists will be required to register.However, this will make the law more clear, so inquiries must be made in advance."
mnieng-0065,mni_Beng,eng_Latn,Manipuri to English,2_Small_hallucination,Hallucination,"রোতোরুৱাদা লৈবা মফম কয়া অমদা জিওথর্মেল হঙ্গি ফংই, অদুগা অতোপ্পা হঙ্গিসু খৃস্তচর্চ, ৱেলিংতন অমসুং অতৈ মফমশিংদা ফংই।","Geothermal hunting is found in many parts of Rotorua, while other hunting is also found in Christchurch, Wellington and elsewhere."
mnieng-0069,mni_Beng,eng_Latn,Manipuri to English,1_No_hallucination,No hallucination,সংস্কৃত অসি অরিবা লোন অমনি অমসুং মসি য়ুরোপতা ঙাংনরিবা লেতিন লোনগা চাংদম্নবা য়াই।,Sanskrit is an ancient language and can be compared to the Latin language spoken in Europe.
mnieng-0074,mni_Beng,eng_Latn,Manipuri to English,2_Small_hallucination,Hallucination,অমেরিকাগী থৌশিল-থৌরাংনা তোঙান-তোঙানবা মায়কৈ অহুমলোমদগী পুন্না লান্দাবগী মওংদা য়ুমফম ওইখি।,American movements were based on a combined form of warfare from three distinct sides.
mnieng-0078,mni_Beng,eng_Latn,Manipuri to English,1_No_hallucination,No hallucination,লোয়ননা মতেং পাংবীগে হায়বা চৎমিন্নরিবা মীওইশিং অমসুং য়ুমদা লৈহৌবা মরী-মতা নত্ত্রগা মরুপশিংদা পোলিসী/কন্তেক্তকী কোপীশিং পীয়ু।,Provide copies of the policy/contact to regular supporters and family or friends.
mnieng-0082,mni_Beng,eng_Latn,Manipuri to English,2_Small_hallucination,Hallucination,"শেমগৎ-শাগতপদা খেন্নবা লৈবগী মতুংইন্না মতিক-মগুন্দসু খেন্নবা লাকই, তোঙান-তোঙানবা ৱেব-লেন্থ উবা ঙম্বগী চাং খেন্নরকই অমসুং ময়েক শেংনা উবা ঙম্বগী চাংদসু খেন্নরকই, অদুগা খ্বাইদগী খুদোংচাগদবা মওংদা মথৌ পাংথোক্নবগীদমক মখোয়দা ফংলিবা ইনপুত নৎত্রগা মান্নদবা মশিংশিং অদু উবা ঙম্নবা তোঙান-তোঙানবা মওংদা মথৌ পাংথোকপা তাই।","The quality also varies depending on the configuration, the visibility of different web-latencies varies and the visibility also varies, while the input or inconsistency they have to see varies in order to function as efficiently as possible."
mnieng-0084,mni_Beng,eng_Latn,Manipuri to English,3_Partial_hallucination,Hallucination,পোপ্যুলেসন অমদা য়াওরিবা জিবশিং অদু করিগুম্বা অখন্নবা ফিনোতাইপিক ত্রেইত অমদা লোইনমক ইমান মান্নরবদি মখোয় অদুবু মোনোমোর্ফিক হায়না খংনৈ।,Species in a population are called monomorphic if they are identical at the end of a particular phenotypic treaty.
mnieng-0088,mni_Beng,eng_Latn,Manipuri to English,4_Full_hallucination,Hallucination,লৈচিলনা তসেংনা পোকখায়খ্রবা হায়বগী চমম্নবা থোকহনবগী মতিক লৈহল্লি।,There is enough reason to be surprised that the baby is born prematurely.
mnieng-0093,mni_Beng,eng_Latn,Manipuri to English,4_Full_hallucination,Hallucination,"মসিনা হায়, শ্বর হোনবা ৱাবা য়াই, অমসুং অঙম্বা শরুকশিংদা চেকশিনবীয়ধ, মরু ওইনা চোৎলবদি মসি থুনা খুদোংথিনীংঙাই ওই।","It can be loud, loud, and be careful in the dark, especially if it is sharp."
mnieng-0096,mni_Beng,eng_Latn,Manipuri to English,1_No_hallucination,No hallucination,ঐহাকপু শৌগৎনীংবা মীওইশিং লৈ খঙবদা ঐহাক নুংঙাইবা পোকই।,I am happy to know that I have people who will support me.
mnieng-0099,mni_Beng,eng_Latn,Manipuri to English,2_Small_hallucination,Hallucination,অপাম্বগী মতুং ইন্না মচু য়াম্না নত্ত্রগা খজিক্তং শিজিন্নদুনা পাবদা লাইনবা মসি অপাম্বা মওংদা শেমদোকপা য়াগনি।,It can be adjusted to suit the needs of the pub with a little or a lot of colour as desired.
mnieng-0101,mni_Beng,eng_Latn,Manipuri to English,3_Partial_hallucination,Hallucination,নোৎশিং অদু চুম্না নম্লিঙৈদা অদোমগী খুৎ অদু ঙম্লিবা মখৈ পোথানা লৈহনবীয়ু - মসিগী মথক্তা অদোমগী খুৎশাশিং অদু কান্নদবা মওংদা লেঙবীগনু।,"When the notes are loaded correctly, keep your arm in the right position - in addition, keep your arms in an inefficient position."
mnieng-0104,mni_Beng,eng_Latn,Manipuri to English,3_Partial_hallucination,Hallucination,সর্জনশিং অদু পোপ্পী মরুদগী মোর্ফিন শুংবা অমসুং হর্বেইন মরুদগী স্কোপোলামাইন শুংবা য়াওনা মখল কয়াগী সেদেতিবশিংগী মতাংদা থোইদোক-হেন্দোক্না খং-হৈরম্মী।,"The surgeons were well versed in a variety of sedatives, including morphine-rich from poppy deserts and scopolamine-rich from herbaceous deserts."
mnieng-0106,mni_Beng,eng_Latn,Manipuri to English,1_No_hallucination,No hallucination,অলাস্কাগী ফেয়রবেঙ্ককী খাথংবদা শুংদোক্ত্রিবা থাউগী বেরেল লিশিং কয়া হৈদোকপদগী মাইল 800 শাংবা ত্রান্স-অলাস্কা পাইপ্লাইন থিংজিনখ্রে।,"The 800-mile-long Trans-Alaska pipeline has been halted due to the leakage of thousands of barrels of untreated oil south of Fairbank, Alaska."
mnieng-0114,mni_Beng,eng_Latn,Manipuri to English,3_Partial_hallucination,Hallucination,"অলফা TVদা লাকপা পাউমী মাকিস ত্রিয়ান্তাফাইলোপুলোসকী মমিং লৈরবা তেলিভিজন থৌরম, ""জোঙ্গলা""দা চয়োল খরগী মমাংদা তমখিবা ই-পাউগী মতুংদা, পার্লিয়ামেন্তকী মেম্বর অমসুং উকিল, পেত্রোস মন্তৌভালোসপু অইন্না য়াদবা থবক অমসুং শেঞ্জা থুমজাদা চেন্নবগীদমক্তা মহাক্কী ওফিসকী মেম্বর ওইবদগী তোকহনখি।","After e-mailing a few weeks earlier on Alpha TV's famous television show, ""Jungla"", journalist Makis Triantafilopoulos, a member of parliament and lawyer, Petros Mantuvalos was fired from his office as a member in exchange for illegal work and organized crime."
mnieng-0120,mni_Beng,eng_Latn,Manipuri to English,1_No_hallucination,No hallucination,এসিনক্রোনস কম্ম্যুনিকেসন্না অতোপ্পশিংদা পাউদম্বা অমসুং অনিঙবা খঙহনবা ঙম্নবা পুক্নিং থৌগৎলি।,Asynchronous communication encourages the ability to communicate and communicate to others.
mnieng-0123,mni_Beng,eng_Latn,Manipuri to English,1_No_hallucination,No hallucination,"ব্লোগ, ভিদিও, ফোতো অমসুং অতোপ্পা মখল মথেল কয়া য়াওবা য়াবা ক্লাস পেজ অমা লায়না শেম্বা য়াবগী থৌওং য়াওনা ৱেবসাইৎ অসিগী কান্নবা কয়া অমা লৈ।","The website has many advantages, including the ability to easily create a class page that includes blogs, videos, photos, and more."
mnieng-0125,mni_Beng,eng_Latn,Manipuri to English,3_Partial_hallucination,Hallucination,ফোতোদা মশক ফজবা মা অসি মগুন্দগী ফজবা মওং-মতৌদা হেন্না থৱাই চঙই হায়না সিঐনা হায়খি।,Cea said that the soil that is marked in the photo is more prone to decay in quality.
mnieng-0127,mni_Beng,eng_Latn,Manipuri to English,2_Small_hallucination,Hallucination,অকনবা উনগী মথক্তা শাথীবা অইং-অশাগী ফিভম্না মরম ওইদুনা মী কনবগী থৌওংদা অয়েৎপা পীদুনা লাক্লি।,"Due to extreme weather conditions in addition to extreme heat, human activity has become increasingly restricted."
mnieng-0128,mni_Beng,eng_Latn,Manipuri to English,1_No_hallucination,No hallucination,এয়রক্রাফ অসিনা ইরকুৎস্ক তম্না পায়রি অমসুং মনুংগী লান্মীশিংনা চলায়রি।,The aircraft is passing through Irkutsk and is being operated by internal forces.
mnieng-0130,mni_Beng,eng_Latn,Manipuri to English,1_No_hallucination,No hallucination,"ইমিরেৎস, ইতিহাদ এয়রৱেজ, কতার এয়রৱেজ অমসুং তর্কিশ এয়রৱেজকুম্বা এয়রলাইন্সশিংনা মখোয়গী সেবাশিং অসি অফ্রিকাদা য়াম্না শন্দোক্লে অমসুং য়ুরোপকী এয়রলাইন্সশিংগা চাংদম্নবদা মখোয়না অফ্রিকাগী অচৌবা শহর ফাওদুনা হেন্না ফবা মমলদা চৎপসু ফংহল্লি।","Airlines such as Emirates, Etihad Airways, Qatar Airways, and Turkish Airways have expanded their services in Africa and are also able to travel to larger African cities at a better price than European airlines."
mnieng-0134,mni_Beng,eng_Latn,Manipuri to English,3_Partial_hallucination,Hallucination,"ভেনেজ্বেলাগী অহুম থোকপগী অনিনা শুরিবা থবক অসি সর্ভিস সেক্তরদনি, অদুগা ইন্দস্ত্রীদনা মশুং অমরোম তৌরি অমসুং মঙাগী অমগুম্বনা লৌউশিংউদা তৌই।","Two-thirds of Venezuela's workforce is in the service sector, while industry itself is engaged in agriculture and about one-fifth."
mnieng-0137,mni_Beng,eng_Latn,Manipuri to English,2_Small_hallucination,Hallucination,এল গোর অমসুং জেনরেল তোম্মি ফ্রেঙ্কসনা মখোয়না পাম্বা হেদলাইনশিং অদু ইচম চম্না পাথোকখি (গোরগী ওইনদি দি ওনিয়ন্না মহাক্কী 2000গী ইলেক্তোরেল কোলেজতা মাইথিরবা মতুংদা মহাক অমসুং তিপ্পরনা মখোয়গী পুন্সিগী ওইনা খ্বাইদগী নুংঙাইবা য়ুম্বালবগী মরী থমখি হায়না রিপোর্ত তৌখি)।,El Gore and General Tommy Franks successfully made the headlines they wanted (Gore reported that he and Tipper had the happiest marriage relationship of their lives after The Union failed in his 2000 electoral college).
mnieng-0142,mni_Beng,eng_Latn,Manipuri to English,3_Partial_hallucination,Hallucination,"প্যোর্লেন্দ ওরিগেমী হায়বসি অমুক্তা চেথুপ অমখক থুপ্পা য়াবা, অমুক হন্দোক্তুনা থুপ্পা য়াদবা অদুগুম্বা হেন্না কমপ্লেক্স ওইবা, অমসুং থুপ্লবা চেথুপ খুদিংমক্কী চুমদ্রিং চুম্না য়ৌগদবা মফমশিং লৈগনি হায়বনচিংবা পনখৈ কয়া লৈবা ওরিগেমী মখলনি।","A purland origami is a type of origami that has multiple traits, such as one species at a time, one that is more complex, and one that is not repeatable, which means that there will be inaccurate locations for each species."
mnieng-0145,mni_Beng,eng_Latn,Manipuri to English,2_Small_hallucination,Hallucination,অতোপ্পগী অপাম্বা খনবা ঙম্বা অসি তৌবা ঙম্বশিংগী মনুংদা য়াম্না মরু ওইবনি।মসিনা থবক ওইনা পাংথোকপা থৌওংশিংগী ওইথোকপা য়াবা পান্দমশিং খঙবা ঙমহল্লি।,The ability to consider the interests of others is an important part of the ability to understand the possible goals of actions.
mnieng-0146,mni_Beng,eng_Latn,Manipuri to English,2_Small_hallucination,Hallucination,খাথংবা অফ্রিকা অসি স্তেবল ওইবা লৈবাক অমা ওইজরবসু য়ুমথংনরিবা লৈবাক পুম্নমক্তি ওইদে হায়বসি প্লান তৌবা মতমদা খংজিনগদবনি।,"While South Africa is a stable country, it should be noted when planning that not all dependent countries are stable."
ruseng-0001,rus_Cyrl,eng_Latn,Russian to English,3_Partial_hallucination,Hallucination,Плюнуть хочется в таких горе писателей статей!,I can't wait to see you write articles like this!
ruseng-0003,rus_Cyrl,eng_Latn,Russian to English,1_No_hallucination,No hallucination,Резали русских там как баранов.,The Russians were slaughtered there like sheep.
ruseng-0007,rus_Cyrl,eng_Latn,Russian to English,4_Full_hallucination,Hallucination,{| cellspacing= 1 cellpadding= 1 style= background: #ffffd5; border: #FADA60 solid 2px; padding: 5px; font-size: 90%; | | С Новым Годом !!!,This is what I'm talking about.
ruseng-0009,rus_Cyrl,eng_Latn,Russian to English,1_No_hallucination,No hallucination,"Господа, я продавец секс-шопа и у меня большая просьба к тем кто пойдет, когда-либо в такой магазин","Gentlemen, I'm a sex shop salesman, and I have a big request for anyone ever to go to a store like this."
ruseng-0013,rus_Cyrl,eng_Latn,Russian to English,1_No_hallucination,No hallucination,"Ориентированность на семейную жизнь часто мотивирует жителей других районов на переезд туда, и гости часто говорят, что в городе просто найти способ хорошо провести время с детьми.","Family orientation often motivates residents of other neighborhoods to move there, and guests often say that the city simply finds a way to have a good time with children."
ruseng-0017,rus_Cyrl,eng_Latn,Russian to English,1_No_hallucination,No hallucination,"Вот, я же говорю, что вы совсем скрылись от общественности ).","Look, I'm telling you, you're completely out of the public eye."
ruseng-0020,rus_Cyrl,eng_Latn,Russian to English,1_No_hallucination,No hallucination,"ПДВ сделать нужно, но с меня проку ноль, не имею о журнале никакой информации.","I've got to get a copy, but I don't have any information about the magazine."
ruseng-0032,rus_Cyrl,eng_Latn,Russian to English,1_No_hallucination,No hallucination,"Пятнадцать из этих метеоритов связывают с метеоритным дождем, прошедшим в июле прошлого года.",Fifteen of these meteorites have been linked to a meteor shower last July.
ruseng-0035,rus_Cyrl,eng_Latn,Russian to English,1_No_hallucination,No hallucination,"По итогам гонки Кезеловски остается победителем Чемпионата среди гонщиков, набрав 2250 очков.","According to the results of the race, Kezelovsky remains the winner of the Championship among racers, scoring 2250 points."
ruseng-0036,rus_Cyrl,eng_Latn,Russian to English,1_No_hallucination,No hallucination,Эта «эволюция» затронула только греков и часть славян.,This evolution only affected the Greeks and part of the Slavs.
ruseng-0047,rus_Cyrl,eng_Latn,Russian to English,1_No_hallucination,No hallucination,"Кроме Штейнберга, там был Карпан (ОЯБ) и Багдасаров (НСБ) Вы не просто лжёте - да ещё и не краснеете","Besides Steinberg, there were Karpan and Bagdasars. You're not just lying."
ruseng-0057,rus_Cyrl,eng_Latn,Russian to English,1_No_hallucination,No hallucination,100px Звезда конкурса «Статьи года» Поздравляем с победой в конкурсе « Статьи года »: в номинации «Циклы» победил цикл « Творчество Владимира Высоцкого »!,"100px The star of the competition, the articles of the year, congratulations on winning the contest, the article of the year: in the nomination, the cycle won, the work of Vladimir Vysotsky."
ruseng-0059,rus_Cyrl,eng_Latn,Russian to English,1_No_hallucination,No hallucination,"Цитирую: Посмотрите 1971 год министр обороны, чем он лутше министра внутреннних дел? или 1961 генсек ООН не руководит государством. будте последовательны. конец цитаты","I quote: Look at 1971 as the Secretary of Defense, he's a lot louder than the Secretary of the Interior, or 1961 as the Secretary General of the United Nations doesn't run the country."
ruseng-0067,rus_Cyrl,eng_Latn,Russian to English,1_No_hallucination,No hallucination,"Покупать еду в супермаркетах, как правило, — это самый дешёвый способ питаться. Если же нет возможности готовить пищу, выбор ограничивается готовой к употреблению едой.","Buying food in supermarkets is usually the cheapest way to eat, but if you can't cook, you can only choose ready-to-eat food."
ruseng-0068,rus_Cyrl,eng_Latn,Russian to English,1_No_hallucination,No hallucination,"Он приписан к 7-му флоту ВМС Соединенных Штатов Америки и базируется в Сасебо, префектура Нагасаки, Япония.","She is assigned to the 7th United States Navy Fleet and is based in Sasebo, Nagasaki Prefecture, Japan."
ruseng-0070,rus_Cyrl,eng_Latn,Russian to English,1_No_hallucination,No hallucination,Админеты примкнули багинеты и бросились в атаку на старого джедая!,The administrators have attached baginets and launched an attack on the old Jedi!
ruseng-0076,rus_Cyrl,eng_Latn,Russian to English,1_No_hallucination,No hallucination,"Бывший губернатор Массачусетса Митт Ромни победил на прошедших во вторник президентских праймериз от Республиканской партии во Флориде, набрав более 46 процентов голосов.","Former Massachusetts Governor Mitt Romney won Tuesday's presidential primaries for the Republican Party in Florida, garnering more than 46 percent of the vote."
ruseng-0079,rus_Cyrl,eng_Latn,Russian to English,1_No_hallucination,No hallucination,"Ледники не имеют постоянной формы, так как стекают по склонам. Это приводит к трещинам и расселинам, которые могут быть спрятаны под снежными мостами.","Glaciers do not have a permanent shape because they flow along the slopes, leading to cracks and settlements that can be hidden under snow bridges."
ruseng-0080,rus_Cyrl,eng_Latn,Russian to English,4_Full_hallucination,Hallucination,"Привет, Дим!!!",What's going on?
ruseng-0084,rus_Cyrl,eng_Latn,Russian to English,1_No_hallucination,No hallucination,Вы называть-то их можете?,Can you name them?
ruseng-0086,rus_Cyrl,eng_Latn,Russian to English,1_No_hallucination,No hallucination,Вообще в этой публикации говорится о Буниятове?,Does this publication even mention Bunyatov?
ruseng-0089,rus_Cyrl,eng_Latn,Russian to English,1_No_hallucination,No hallucination,"Может быть я полнейший идиот, но оно у меня не работает.","I may be a complete idiot, but it's not working for me."
ruseng-0090,rus_Cyrl,eng_Latn,Russian to English,1_No_hallucination,No hallucination,"Песок, соль (хлорид кальция) и гравий часто рассыпают по дорогам или пешеходным дорожкам для лучшего сцепления. Поэтому каблуки должны быть низкими и широкими.","Sand, salt (calcium chloride) and gravel are often scattered along roads or pedestrian paths for better grip."
ruseng-0092,rus_Cyrl,eng_Latn,Russian to English,1_No_hallucination,No hallucination,Ваше глупое и не вполне законное отклонение правки наделало много шума на Форуме.,Your stupid and unlawful deviation from the amendment made a lot of noise at the Forum.
ruseng-0094,rus_Cyrl,eng_Latn,Russian to English,1_No_hallucination,No hallucination,"Тем не менее это серьезная проблема, и ее нужно решить. Пройдет много времени, прежде чем будут построены полезные термоядерные реакторы.","Nevertheless, this is a serious problem that needs to be addressed, and it will take a long time for useful thermonuclear reactors to be built."
ruseng-0095,rus_Cyrl,eng_Latn,Russian to English,1_No_hallucination,No hallucination,"По краям ледников откалываются огромные глыбы, которые падают вниз и могут отскакивать или катиться дальше от края.","On the edges of the glaciers, huge depths of ice fall downward and can bounce back or tilt further from the edge."
ruseng-0099,rus_Cyrl,eng_Latn,Russian to English,1_No_hallucination,No hallucination,"Отлично, я сразу подобрела ).","Okay, I figured it out right away."
ruseng-0104,rus_Cyrl,eng_Latn,Russian to English,1_No_hallucination,No hallucination,Не все поддерживали добавление женских званий.,Not everyone supported the addition of female titles.
ruseng-0110,rus_Cyrl,eng_Latn,Russian to English,1_No_hallucination,No hallucination,Для работы над интерактивным дизайном вам потребуется переоценить ваши представления об информационной индустрии и научиться нестандартно мыслить.,"To work on interactive design, you'll need to reevaluate your perceptions of the information industry and learn to think outside the box."
ruseng-0116,rus_Cyrl,eng_Latn,Russian to English,1_No_hallucination,No hallucination,"Единственная настоящая опасность, с которой может столкнуться человек без подготовки, – это холодная погода.",The only real danger that an unprepared person can face is cold weather.
ruseng-0120,rus_Cyrl,eng_Latn,Russian to English,1_No_hallucination,No hallucination,"За ним последовали Государственный Симфонический оркестр Стамбула, ансамбль ""Янычар"", а также певцы Фатих Эркоч и Мюслюм Гюрсес.","He was followed by the Istanbul State Symphony Orchestra, the ""Yнычar"" ensemble, as well as the singers Fatih Erkoch and Myslum Gurses."
ruseng-0124,rus_Cyrl,eng_Latn,Russian to English,1_No_hallucination,No hallucination,"Помимо ограничений, связанных с дороговизной и необходимостью физической подготовки, есть и сезонные ограничения. Они возможны только летом — с ноября по февраль — охватывают в основном территории полуострова, островов и море Росса.","In addition to the restrictions related to the cost and the need for physical training, there are also seasonal restrictions, which are only possible in the summer from November to February."
ruseng-0127,rus_Cyrl,eng_Latn,Russian to English,1_No_hallucination,No hallucination,"Однако, Star Alliance покрывает все за исключением юго-восточной части Тихоокеанского региона от Сантьяго-де-Чили до Таити, где перелет осуществляется LATAM Oneworld.","However, Star Alliance covers all but the southeastern Pacific region from Santiago de Chile to Tahiti, where LATAM Oneworld flies."
ruseng-0131,rus_Cyrl,eng_Latn,Russian to English,1_No_hallucination,No hallucination,"На ночных поездах со спальными местами паспорта могут собираться проводником, чтобы не прерывать ваш сон.","On night trains with sleeping accommodation, passports may be accompanied by a guide to keep you from sleeping."
ruseng-0135,rus_Cyrl,eng_Latn,Russian to English,1_No_hallucination,No hallucination,"Были установлены два источника света, лучи от которых были направлены в ночное небо.","There were two sources of light, whose rays were directed to the night sky."
ruseng-0136,rus_Cyrl,eng_Latn,Russian to English,1_No_hallucination,No hallucination,При организации ордена в него вошло более 40 братьев,"When the order was organized , more than 40 brothers joined it ."
ruseng-0137,rus_Cyrl,eng_Latn,Russian to English,1_No_hallucination,No hallucination,Метание бумеранга является популярным умением. Множество туристов хотят научиться метать бумеранг.,A lot of tourists want to learn how to throw a boomerang.
ruseng-0147,rus_Cyrl,eng_Latn,Russian to English,1_No_hallucination,No hallucination,"В некоторых странах или внутри магазинов определенных форматов есть хотя бы один, зачастую довольно простой, ресторан с доступными ценами.","In some countries, or inside stores of certain formats, there is at least one restaurant, often quite simple, with affordable prices."
ruseng-0148,rus_Cyrl,eng_Latn,Russian to English,1_No_hallucination,No hallucination,"Помимо высокой температуры и боли в горле, я чувствую себя нормально и нахожусь в хорошей форме, чтобы выполнять свою работу в дистанционном режиме.","In addition to high fever and sore throats, I feel normal and fit to do my job remotely."
ruseng-0152,rus_Cyrl,eng_Latn,Russian to English,1_No_hallucination,No hallucination,Для этого мэсаджа вам надо было создать отдельную тему.,"To do that, you had to create a separate theme."
spaeng-0005,spa_Latn,eng_Latn,Spanish to English,1_No_hallucination,No hallucination,"Si quieres responder que haga los cambios a la plantilla que quedó, la respuesta es no , porque eso es igual que recrearla sin respetar la consulta ).","If you want to answer that I make the changes to the remaining template, the answer is no, because that's like recreating it without respecting the query)."
spaeng-0010,spa_Latn,eng_Latn,Spanish to English,1_No_hallucination,No hallucination,"Hacia fines del siglo XVIII, Camboya también sufrió invasiones vietnamitas.","Towards the end of the 18th century, Cambodia also suffered Vietnamese invasions."
spaeng-0014,spa_Latn,eng_Latn,Spanish to English,1_No_hallucination,No hallucination,Es preciso contar con un permiso de travesía para poder acampar por debajo del borde del Gran Cañón.,You have to have a travel permit to camp below the rim of the Grand Canyon.
spaeng-0018,spa_Latn,eng_Latn,Spanish to English,1_No_hallucination,No hallucination,"Si me dices que por ahora, las aguas están calmas, prefiero no hacer olas","If you tell me that for now, the waters are calm, I'd rather not wave"
spaeng-0022,spa_Latn,eng_Latn,Spanish to English,2_Small_hallucination,Hallucination,Nunca,I never
spaeng-0029,spa_Latn,eng_Latn,Spanish to English,4_Full_hallucination,Hallucination,Víctor Gevirtz 22:42 03/07/07,"It's not just me, it's me."
spaeng-0030,spa_Latn,eng_Latn,Spanish to English,2_Small_hallucination,Hallucination,"Hay botas con tachuelas y existe un accesorio adicional con tachuelas para condiciones resbaladizas, que se adapta a casi cualquier calzado, tanto para los tacones como para la suela.","There are slippery boots and there is an additional slippery accessory, which is suitable for almost any shoe, both heels and sole."
spaeng-0031,spa_Latn,eng_Latn,Spanish to English,2_Small_hallucination,Hallucination,Mire señor esta claro que lo que usted desea y nose porque motivo he visto sus publicaciones anteriores en donde usted quiere hacer que todos piensen que Peru es mayoritariamente Amerindio lo cual segun el Censo 2007 eso no es asi y si lo fuera tendria que ponerlo es mi obligación la verdad no se qu,Look sir this is clear that what you want and wear because reason I've seen your previous posts where you want to make everyone think Peru is mostly indigenous which according to the 2007 census that's not so and if it were I'd have to put it is my obligation the truth I don't know what
spaeng-0035,spa_Latn,eng_Latn,Spanish to English,1_No_hallucination,No hallucination,|bgcolor=darkviolet| Eliminado |style= background:skyblue | | Octavio Palacios Futbolista | align= center |18 años | Moreno | style= background:#c33 | Eliminado del Repechaje 2012 | 1 | 0 | 7 días |} Participante mujer.,#bgcolor#darkviolet#eliminated#style=background:skyblue#eighth soccer palaces#align=center#eighteen years#blue#style= background:#c33#eliminate from relegation 2012#1#0#7 days#female participant
spaeng-0038,spa_Latn,eng_Latn,Spanish to English,1_No_hallucination,No hallucination,"Hola, yo no puedo ver el contenido que tú no has guardado, como es el de ese enlace que me pones.","Hey, I can't see the content you haven't saved, like that link you're putting me on."
spaeng-0039,spa_Latn,eng_Latn,Spanish to English,1_No_hallucination,No hallucination,"El 1 de enero comenzaron los problemas, cuando docenas de lugareños presentaron quejas en la oficina de correo de Obanazawa por no haber recibido sus tarjetas tradicionales y usuales de Año Nuevo.","On January 1, the problems began, when dozens of locals filed complaints at the Obanazawa post office for not receiving their traditional and usual New Year cards."
spaeng-0040,spa_Latn,eng_Latn,Spanish to English,1_No_hallucination,No hallucination,"Netito chupame bien la verga ok , salvadoreño negro de mierda chupa pito , anda mirando a tu mujer que te la andan cojiendo por ahi ok saludos putito","Clean , suck my dick . Okay , black fuckin ' Salvadoran , fuckin ' dick , you 're looking at your wife ."
spaeng-0054,spa_Latn,eng_Latn,Spanish to English,1_No_hallucination,No hallucination,", cambiado «español» por «hispanouruguayo», que lo refleja mejor.",", changed from Spanish to Uruguayan, which better reflects it."
spaeng-0065,spa_Latn,eng_Latn,Spanish to English,1_No_hallucination,No hallucination,"¿Qué es una célula? Este término deriva del latín cella, que significa «cuarto de tamaño reducido», y fue empleado por primera vez por un microscopista mientras estudiaba la estructura del corcho.","What is a cell? This term is derived from the Latin cell, meaning ""reduced-sized quarter"", and was first used by a microscopist while studying the structure of the cork."
spaeng-0068,spa_Latn,eng_Latn,Spanish to English,1_No_hallucination,No hallucination,"NO ESTES SABOTEANDO PAGINAS, ESTO ES UNA ADVERTENCIA.)","You're not sabotaging pages, this is a warning.)"
spaeng-0092,spa_Latn,eng_Latn,Spanish to English,1_No_hallucination,No hallucination,"El tiempo es algo presente en todo lugar y que tiene efectos en todas nuestras acciones; sin embargo, es difícil comprenderlo.","Time is ubiquitous and affects all our actions, yet it is difficult to understand."
spaeng-0093,spa_Latn,eng_Latn,Spanish to English,4_Full_hallucination,Hallucination,19:15 17 jun 2009 (UTC),This is the first time that I have heard of this.
spaeng-0094,spa_Latn,eng_Latn,Spanish to English,1_No_hallucination,No hallucination,"Hola Enric: las ediciones nulas son, efectivamente, nulas, y no debieran aparecen en el historial como estas.","Hello Enric: Zero editions are, in fact, zero, and they shouldn't appear in the history like this."
spaeng-0099,spa_Latn,eng_Latn,Spanish to English,1_No_hallucination,No hallucination,"Si eres ateo, que coño me importan los aplausos y el cariño de sus amigos, bajo mi punto de vista si eres creyente tambien.","If you're an atheist, what the fuck do I care about your friends' applause and affection, from my point of view if you're a believer too."
spaeng-0103,spa_Latn,eng_Latn,Spanish to English,1_No_hallucination,No hallucination,"Los científicos han hallado accidentes geográficos desparramados sobre la superficie lunar denominados escarpes lobulados, que parecen ser el resultado del achicamiento muy lento que experimenta este satélite.","Scientists have found geographic accidents scattered over the lunar surface called lobulated cliffs, which appear to be the result of the very slow compaction experienced by this satellite."
spaeng-0107,spa_Latn,eng_Latn,Spanish to English,1_No_hallucination,No hallucination,"Durante el calor diurno, es posible que los turistas vean espejismos que generan la ilusión de visualizar agua, entre otros.","During the daytime heat, tourists may see mirrors that create the illusion of visualizing water, among other things."
spaeng-0108,spa_Latn,eng_Latn,Spanish to English,1_No_hallucination,No hallucination,"a mi no a mi me gusta olga cañon, me gusta: la loca cañon. y no me gusta milly kezada me gusta la: la vende kezada","I don't like it, I like it. I like it, the crazy cannon."
spaeng-0109,spa_Latn,eng_Latn,Spanish to English,1_No_hallucination,No hallucination,Seguidamente comentó: «Es una situación de gravedad. Den por seguro que nuestro sistema funciona tan bien como debería».,He then commented: 'It is a serious situation. Make sure our system works as well as it should.
spaeng-0110,spa_Latn,eng_Latn,Spanish to English,1_No_hallucination,No hallucination,"Más tarde, la teoría instauró la idea de que el pueblo maorí había emigrado desde Polinesia, a bordo de una Gran Flota, y que despojó a los Moriori de Nueva Zelanda, instalando allí una sociedad agrícola.","Later, the theory established the idea that the Maori people had migrated from Polynesia, aboard a Great Fleet, and that they stripped the Moriori of New Zealand, setting up an agricultural society there."
spaeng-0123,spa_Latn,eng_Latn,Spanish to English,4_Full_hallucination,Hallucination,¿Digamelón? 14:12 15 dic 2007 (CET),It is also important to note that the Commission's proposal for a regulation is based on the principle of subsidiarity.
spaeng-0127,spa_Latn,eng_Latn,Spanish to English,1_No_hallucination,No hallucination,"El riego, sabe usted...","The irrigation, you know..."
spaeng-0128,spa_Latn,eng_Latn,Spanish to English,2_Small_hallucination,Hallucination,"Muy poco inteligente esa afirmacion, si los antifascistas creen eso, creo que la poca intleigencia q tienen se les a acabó, haber si estudiamos algos vagos comunistas.","Very unintelligent that statement, if the anti-fascists believe that, I think the little intelligence they have is gone, there if we study some vague communist algae."
spaeng-0130,spa_Latn,eng_Latn,Spanish to English,1_No_hallucination,No hallucination,"Se cree que Allen, de las personas más pudientes del globo, ha invertido buena parte de su fortuna en exploraciones marinas y el motivo de encarar la búsqueda de los Musashi fue el interés que siempre tuvo en la guerra.","Allen, one of the wealthiest people on the globe, is believed to have invested much of his fortune in marine exploration and the reason for facing the search for the Musashi was his ever-present interest in war."
spaeng-0131,spa_Latn,eng_Latn,Spanish to English,1_No_hallucination,No hallucination,"El tipo Pureland es un origami en el que solo se permite realizar pliegue a la vez, no se pueden hacer aquellos que son más complejos, como los inversos, y todos tienen ubicaciones sencillas.","The Pureland type is an origami that only allows folding at a time, you can't make those that are more complex, like inverters, and they all have simple locations."
spaeng-0132,spa_Latn,eng_Latn,Spanish to English,1_No_hallucination,No hallucination,ESTE ARTÍCULO ES UNA ESTUPIDEZ.,This article is silly.
spaeng-0134,spa_Latn,eng_Latn,Spanish to English,1_No_hallucination,No hallucination,Me parece simpática la idea d ela Retorta en la página de usuario,I like the idea of retorting on the user page.
spaeng-0135,spa_Latn,eng_Latn,Spanish to English,1_No_hallucination,No hallucination,"Con una gran variedad de hoteles, restaurantes e instalaciones para convenciones de primer nivel, San Francisco ha ido desarrollando una gran infraestructura turística.","With a wide variety of first-class hotels, restaurants and convention facilities, San Francisco has been developing a great tourist infrastructure."
spaeng-0137,spa_Latn,eng_Latn,Spanish to English,1_No_hallucination,No hallucination,"Existía, además, otra tribu, formada por los maoríes que dejaron Nueva Zelanda, que se asentó en las islas Chatham.","There was also another tribe, made up of Maori who left New Zealand and settled on the Chatham Islands."
spaeng-0142,spa_Latn,eng_Latn,Spanish to English,4_Full_hallucination,Hallucination,Pompilio Zigrino Pompilio,This is a list of the official languages of the European Union.
spaeng-0145,spa_Latn,eng_Latn,Spanish to English,1_No_hallucination,No hallucination,"Desde ya, un corredor de la media milla de primera categoría, que puede superar los dos minutos, debe tener un buen nivel de velocidad, pero debe cultivar la resistencia a toda costa.","From now on, a first-class half-mile runner, who can exceed two minutes, must have a good level of speed, but must cultivate endurance at all costs."
spaeng-0149,spa_Latn,eng_Latn,Spanish to English,1_No_hallucination,No hallucination,"Para obtener asesoramiento o autorizaciones y realizar reclamos, deben exhibir el correo electrónico de la aseguradora y sus números de teléfono internacionales.","To obtain advice or authorization and to make claims, you must display the insurer's e-mail address and international telephone numbers."
spaeng-0151,spa_Latn,eng_Latn,Spanish to English,1_No_hallucination,No hallucination,"«Espero poder volver a mis funciones el lunes», manifestó Arias en un comunicado.","""I hope to return to my duties on Monday"", Arias said in a statement."
spaeng-0154,spa_Latn,eng_Latn,Spanish to English,1_No_hallucination,No hallucination,"Así es, hace un rato lo estoy revisando y realizando la tabla correspondiente para añadirla.","That's right, I've been reviewing it for a while and doing the corresponding table to add it."
spaeng-0155,spa_Latn,eng_Latn,Spanish to English,1_No_hallucination,No hallucination,"Te lo dije en tu sección de discusión, deja de ser Mala Leche con mi persona, no te metas en los artículos que yo haya creado y reconoce que trabajas para el binominalismo y eres bien descarado para finalizar con Saludos .ROCKAN9OL","I told you in your discussion section, stop being Bad Milk with me personally, don't get involved in the articles I've created and admit that you work for binominalism and you're pretty shy to end up with Greetings."
spaeng-0159,spa_Latn,eng_Latn,Spanish to English,1_No_hallucination,No hallucination,"En Canadá, los residentes oriundos de Groenlandia se llaman a sí mismos inuit y, en Groenlandia, kalaalleq (plural de kalaallit); es decir, groenlandés.","In Canada, residents from Greenland call themselves Inuit and, in Greenland, kalaalleq (plural of kalaallit); that is, Greenlanders."
spayor-0004,spa_Latn,yor_Latn,Spanish to Yoruba,1_No_hallucination,No hallucination,Se asemejaban a habitaciones. Fue la primera persona que observó células muertas.,"Ó dà bí yàrá, òun ni ẹni àkọ́kọ́ tó kíyè sí àwọn sẹ́ẹ̀lì tó ti kú."
spayor-0011,spa_Latn,yor_Latn,Spanish to Yoruba,1_No_hallucination,No hallucination,"Para obtener asesoramiento o autorizaciones y realizar reclamos, deben exhibir el correo electrónico de la aseguradora y sus números de teléfono internacionales.","Tó o bá fẹ́ gba ìmọ̀ràn tàbí ìyọ̀ǹda, tó o sì fẹ́ ṣe ẹ̀sùn, o gbọ́dọ̀ fi imeeli ilé iṣẹ́ náà àti nọ́ńbà tẹlifóònù àgbáyé rẹ̀ hàn."
spayor-0012,spa_Latn,yor_Latn,Spanish to Yoruba,1_No_hallucination,No hallucination,"MetroPlus ofrece más comodidad y menos concurrencia de personas, aunque es un poco más costoso. No obstante, sigue siendo más económico que los pasajes regulares de metro en Europa.","MetroPlus ń fúnni ní ìfọ̀kànbalẹ̀ tó pọ̀ sí i, ó sì ń dín ìrìn àjò àwọn èèyàn kù, bó tilẹ̀ jẹ́ pé ó jẹ́ iyebíye díẹ̀, síbẹ̀ ó ṣì máa ń ná ju àwọn ọkọ̀ ojú irin tí wọ́n máa ń gbà nílẹ̀ Yúróòpù."
spayor-0015,spa_Latn,yor_Latn,Spanish to Yoruba,1_No_hallucination,No hallucination,Marcó 2 goles y 2 asistencias en el triunfo por 5 a 3 de Washington sobre los Thrashers de Atlanta.,Ó kó góòlù méjì àti ìtìlẹ́yìn méjì nínú ìṣẹ́gun 5 sí 3 fún Washington lórí àwọn Thrashers tó wà ní Atlanta.
spayor-0017,spa_Latn,yor_Latn,Spanish to Yoruba,3_Partial_hallucination,Hallucination,"Si bien el barranquismo contiene elementos tanto de la natación, como de la escalada y el salto, es un deporte que exige relativamente poco entrenamiento o estado físico para quienes se inician en él (si se lo compara, por ejemplo, con la escalada en roca, el buceo o el esquí alpino).","Bó tilẹ̀ jẹ́ pé ìgbòkègbodò yìí ní àwọn nǹkan kan tó máa ń jẹ́ kéèyàn máa lúwẹ̀ẹ́, tó sì tún lè jẹ́ kéèyàn lè máa gòkè lọ sókè, ó tún ní àwọn nǹkan míì tó máa ń ṣe kéèyàn lè máa sáré lọ sókè. Àmọ́ ṣá o, eré ìdárayá yìí kì í gba pé kéèyàn máa dá ara ẹni lẹ́kọ̀ọ́ tàbí kó máa ṣe eré ìmárale tó tọ́."
spayor-0018,spa_Latn,yor_Latn,Spanish to Yoruba,1_No_hallucination,No hallucination,La NBA tomó la decisión tras el resultado positivo de un jugador de Utah Jazz para el virus COVID-19.,Ẹgbẹ́ NBA ṣe ìpinnu yìí lẹ́yìn tí àbájáde rere tí òṣèré Utah Jazz kan ní lórí kòkòrò àrùn COVID-19 mú wá.
spayor-0019,spa_Latn,yor_Latn,Spanish to Yoruba,1_No_hallucination,No hallucination,"Además, cada país tiene leyes propias que determinan qué artículos de emergencia deben encontrarse dentro del automóvil.","Láfikún sí i, orílẹ̀-èdè kọ̀ọ̀kan ní àwọn òfin tirẹ̀ láti pinnu àwọn ohun ìní pàjáwìrì tó yẹ kí wọ́n fi sínú mọ́tò."
spayor-0022,spa_Latn,yor_Latn,Spanish to Yoruba,1_No_hallucination,No hallucination,"El clima frío es, tal vez, el único verdadero peligro con el que pueden tener que lidiar quienes no se hayan preparado.",Ó ṣeé ṣe kó jẹ́ pé ojú ọjọ́ òtútù nìkan ni ewu tó wà fún àwọn tí kò múra sílẹ̀ láti borí.
spayor-0024,spa_Latn,yor_Latn,Spanish to Yoruba,1_No_hallucination,No hallucination,Consulte los viajes promocionados por el agente. Puede hacerlo en una página web tanto como en el escaparate de un negocio.,O le ṣe bẹ lori oju opo wẹẹbu kan bi o ti le ṣe lori window ti ile-iṣẹ kan.
spayor-0027,spa_Latn,yor_Latn,Spanish to Yoruba,4_Full_hallucination,Hallucination,Su sabe de su existencia solo por la forma en que afecta la expansión del universo.,Ọ̀nà tí ẹ̀mí rẹ̀ fi ń nípa lórí ìtẹ́síwájú ayé àtọ̀run nìkan ló ń jẹ́ kó o mọ̀ pé ó wà lóòótọ́.
spayor-0030,spa_Latn,yor_Latn,Spanish to Yoruba,1_No_hallucination,No hallucination,Este problema cada vez es menos importante gracias a que los fabricantes de lentes logran estándares más altos en su producción.,Ìṣòro yìí túbọ̀ ń dín kù níwọ̀n bí àwọn tó ń ṣe àwọn lẹnsi ti ń ṣe àwọn nǹkan tó dára jù lọ nínú iṣẹ́ wọn.
spayor-0031,spa_Latn,yor_Latn,Spanish to Yoruba,2_Small_hallucination,Hallucination,"Su deceso ocurrió el martes, en Osaka.",Ikú rẹ̀ wáyé ní ọjọ́ Tuesday ní Osaka.
spayor-0032,spa_Latn,yor_Latn,Spanish to Yoruba,1_No_hallucination,No hallucination,"Con su dentadura, un triceraptops hubiese podido triturar no solo hojas, sino además ramas y raíces muy duras.","Tí wọ́n bá fi ẹ̀fọ́ rẹ̀ ṣe nǹkan, kò ní jẹ́ pé àwọn ewé nìkan ni wọ́n lè fọ́, àmọ́ wọ́n tún lè fọ́ àwọn ẹ̀ka àtàwọn gbòǹgbò tó le gan-an."
spayor-0034,spa_Latn,yor_Latn,Spanish to Yoruba,4_Full_hallucination,Hallucination,"La arquitectura tiene numerosos puntos de encuentro con otras disciplinas, entre las que se incluyen la planificación urbana, la ingeniería civil, el arte decorativo, el diseño de interiores y el paisajismo.","Ọ̀rọ̀ ọ̀tọ̀ọ̀tọ̀ ló ń bá àwọn ẹ̀kọ́ mìíràn pàdé, irú bí ètò ìlú, ìmọ̀ ẹ̀rọ ilé, iṣẹ́ ọ̀ṣọ́, àwòrán inú ilé àti àwòrán àyíká."
spayor-0042,spa_Latn,yor_Latn,Spanish to Yoruba,1_No_hallucination,No hallucination,"La vista, o la capacidad de ver, está a cargo de los órganos sensoriales (ojos) del sistema visual.",Àwọn ẹ̀yà ara tó ń jẹ́ ojú ló ń jẹ́ kí èèyàn lè ríran.
spayor-0048,spa_Latn,yor_Latn,Spanish to Yoruba,3_Partial_hallucination,Hallucination,"En época invernal, la causa más habitual de accidentes son las carreteras, las acercas y, en particular, los escalones resbaladizos.","Láàárín ìgbà òtútù, àwọn òpópónà tó máa ń fa jàǹbá ló sábà máa ń jẹ́ èyí tó máa ń ṣẹlẹ̀ lójú ọ̀nà, tó máa ń sún mọ́lé, tó sì tún máa ń wáyé láwọn ibi tí ẹsẹ̀ rẹ̀ máa ń já sí."
spayor-0049,spa_Latn,yor_Latn,Spanish to Yoruba,1_No_hallucination,No hallucination,"A medida que pierde proximidad con el sol, el gas se vuelve más ligero.","Bí o ṣe ń pàdánù ìjùmọ̀sọ̀rẹ́ pẹ̀lú oòrùn, ńṣe ni gáàsì náà ń túbọ̀ túbọ̀ fúyẹ́."
spayor-0055,spa_Latn,yor_Latn,Spanish to Yoruba,1_No_hallucination,No hallucination,"El cartel no tuvo daños materiales, ya que la modificación se logró con el uso de lonas negras decoradas con signos de paz y corazones para transformar las «O» de modo tal que se vieran como «e» minúsculas.","Àkọsílẹ̀ náà kò ní ìpalára kankan, nítorí pé wọ́n ṣe àtúnṣe náà nípa lílo òwú dúdú tí wọ́n fi àwọn àmì àlàáfíà àti ọkàn-àyà ṣe kókó láti yí àwọn àdàkọ náà pa dà kí wọ́n lè dà bí àdàkọ kékeré."
spayor-0070,spa_Latn,yor_Latn,Spanish to Yoruba,1_No_hallucination,No hallucination,"Las familias con hijos son algo que no se ve frecuentemente, pero ciertos albergues los aceptan en cuartos privados.","Àwọn ìdílé tí wọ́n ní àwọn ọmọ kì í sábà rí wọn, àmọ́ àwọn ilé ìtọ́jú àwọn òbí kan máa ń gbà wọ́n sí yàrá ìnìkàngbé."
spayor-0079,spa_Latn,yor_Latn,Spanish to Yoruba,1_No_hallucination,No hallucination,"Ma logró una cómoda victoria, pese a estas acusaciones, en una plataforma partidaria de establecer relaciones más estrechas con la China continental.","Ma ṣàṣeyọrí sí ìṣẹ́gun tó rọrùn, láìka gbogbo ẹ̀sùn tí wọ́n fi kàn án yìí sí, lórí pẹ̀tẹ́lẹ̀ alátìlẹ̀ kan láti ní àjọṣe tímọ́tímọ́ pẹ̀lú Orílẹ̀-Èdè China."
spayor-0081,spa_Latn,yor_Latn,Spanish to Yoruba,1_No_hallucination,No hallucination,Entre este tipo de aplicaciones podemos encontrar algunas que hasta traducen en idiomas extranjeros los textos de carteles u otros objetos del mundo real si el usuario enfoca su teléfono inteligente en tales objetos.,"Láàárín irú àwọn ohun èlò yìí, a lè rí àwọn kan tí wọ́n tiẹ̀ máa ń túmọ̀ àwọn ọ̀rọ̀ tó wà nínú ìwé àṣàrò kúkúrú tàbí àwọn nǹkan míì sí èdè ilẹ̀ òkèèrè, tí ẹni tó bá ń lo fóònù alágbèéká rẹ̀ bá ń wo irú àwọn nǹkan bẹ́ẹ̀."
spayor-0082,spa_Latn,yor_Latn,Spanish to Yoruba,2_Small_hallucination,Hallucination,"En la actualidad, los vientos de Fred alcanzan las 105 millas por hora (165 km/h) y se desplaza en dirección al noroeste.","Lónìí, ẹ̀fúùfù Fred máa ń fẹ́rẹ̀ẹ́ tó kìlómítà kan sí ọgọ́rùn-ún mẹ́rìndínláàádọ́rin [165] ní wákàtí kan, ó sì máa ń yára lọ sí àríwá ìwọ̀ oòrùn."
spayor-0088,spa_Latn,yor_Latn,Spanish to Yoruba,1_No_hallucination,No hallucination,El programa de PBS tiene más de veinticuatro premios Emmy y su duración es más breve que la de Plaza Sésamo y el Vecindario del Señor Roger.,"Ètò PBS yìí ní ẹ̀bùn Emmy tó lé ní ogún mẹ́rin, ó sì kéré ju ti Sesame Square àti Roger's Neighborhood lọ."
spayor-0089,spa_Latn,yor_Latn,Spanish to Yoruba,1_No_hallucination,No hallucination,"Exactamente a las 8:46 a. m., la ciudad se volvió silencio, marcando el preciso instante en el que el primer avión alcanzó su objetivo.","Lákòókò yẹn gan-an ní 8:46 a.m., ìlú náà dákẹ́, ìyẹn sì jẹ́ ká mọ ìgbà tí ọkọ̀ òfuurufú àkọ́kọ́ dé ibi tí wọ́n fẹ́ lọ."
spayor-0095,spa_Latn,yor_Latn,Spanish to Yoruba,2_Small_hallucination,Hallucination,"En otros casos, solo quienes se hospeden fuera de alojamientos turísticos necesitan registrarse. No obstante, esto hace que la ley sea mucho más incierta, así que haga averiguaciones de antemano.","Nígbà míì, kìkì àwọn tó ń gbé níbi tí wọ́n ti ń wá ibi ìtura nìkan ló máa ń ní láti forúkọ sílẹ̀, àmọ́ èyí máa ń mú kí òfin túbọ̀ le koko sí i, torí náà o gbọ́dọ̀ ṣàyẹ̀wò rẹ̀ kíákíá."
spayor-0100,spa_Latn,yor_Latn,Spanish to Yoruba,1_No_hallucination,No hallucination,La energía oscura es una fuerza totalmente fuera del alcance de la vista que opera continuamente sobre el universo.,"Agbára òkùnkùn jẹ́ agbára kan tí a kò lè fojú rí, tó ń ṣiṣẹ́ láìdabò lórí àgbáálá ayé."
spayor-0102,spa_Latn,yor_Latn,Spanish to Yoruba,2_Small_hallucination,Hallucination,Las conexiones de cable de fibra óptica submarinos que llegan hasta Europa y el satélite de banda ancha hacen posible que Groenlandia cuente con buena conectividad y que el 93% de la población tenga acceso a Internet.,"Àwọn ìsọfúnni tó wà nísàlẹ̀ òkun tó ń lọ sí ilẹ̀ Yúróòpù àti àwọn ìsọfín àtọwọdá tó ń lọ sójú òfuurufú ti mú kí Greenland ṣeé ṣe fún láti ní ìfọ̀kànbalẹ̀ tó dára, èyí tó sì mú kí ìdá mẹ́tàdínláàádóje nínú ọgọ́rùn-ún àwọn èèyàn tó ń gbé lórílẹ̀-èdè náà ní ìkànnì Íńtánẹ́ẹ̀tì."
spayor-0104,spa_Latn,yor_Latn,Spanish to Yoruba,4_Full_hallucination,Hallucination,"Se dividen, en esencia, en dos clases: los que trabajan mientras viajan y los que procuran restringir los gastos. Este artículo trata sobre los segundos.","Nínú àpilẹ̀kọ yìí, a máa sọ̀rọ̀ nípa àwọn tó ń ṣiṣẹ́ nígbà tí wọ́n bá ń rìnrìn àjò àti àwọn tó ń gbìyànjú láti dín ìnáwó kù."
spayor-0108,spa_Latn,yor_Latn,Spanish to Yoruba,3_Partial_hallucination,Hallucination,"La principal causa de este fenómeno es el producto de los sueños lúcidos, que extienden el tiempo entre estados REM.","Ohun tó sábà máa ń fa irú àjálù bẹ́ẹ̀ ni bí wọ́n ṣe máa ń lá àlá tó ń mú kí wọ́n máa ronú jinlẹ̀, èyí tó máa ń mú kí ìrònú wọn máa pọ̀ sí i."
spayor-0111,spa_Latn,yor_Latn,Spanish to Yoruba,1_No_hallucination,No hallucination,Estos funcionarios tienen el deber de proveer servicios gubernamentales y judiciales a tenor de lo dispuesto por el artículo 247 de la Constitución paquistaní.,Àwọn òṣìṣẹ́ yìí ní ojúṣe láti pèsè àwọn iṣẹ́ ìjọba àti ti ẹjọ́ ní ìbámu pẹ̀lú ohun tí Àpilẹ̀kọ̀ọ́ 247 ti Ẹ̀tọ́ Ìlànà Ilẹ̀ Pakistan sọ.
spayor-0119,spa_Latn,yor_Latn,Spanish to Yoruba,3_Partial_hallucination,Hallucination,"Se teme que los pacientes puedan propagar el contagio al seguir con sus rutinas diarias, si persiste la levedad de los síntomas de la gripe.","Wọ́n máa ń bẹ̀rù pé àwọn aláìsàn lè tú àrùn náà ká bí wọ́n bá ń ṣe ohun tí wọ́n ń ṣe lójoojúmọ́, bí àwọn àmì àìsàn náà kò bá kúrò lọ́kàn wọn."
spayor-0122,spa_Latn,yor_Latn,Spanish to Yoruba,4_Full_hallucination,Hallucination,El albergue eestaba ocupado en su mayor parte por huéspedes provenientes de los Emiratos Árabes Unidos.,Àwọn àlejò tó wá láti Orílẹ̀-Èdè Amẹ́ríkà ló sábà máa ń wá sí àlejò náà.
spayor-0124,spa_Latn,yor_Latn,Spanish to Yoruba,1_No_hallucination,No hallucination,"Nunca repararemos un vehículo, ni construiremos una fuente en el patio trasero de nuestra casa, ni iremos a Perú para examinar ruinas antiguas, ni remodelaremos la casa del vecino.","A ò ní tún ọkọ̀ ayọ́kẹ́lẹ́ kan ṣe, a ò ní kọ́ abẹ́rẹ́ omi kan nínú àgbàlá ilé wa, a ò sì ní lọ sí Perú láti ṣàyẹ̀wò àwọn àwókù àtijọ́, a kò sì ní tún ilé aládùúgbò wa ṣe."
spayor-0129,spa_Latn,yor_Latn,Spanish to Yoruba,3_Partial_hallucination,Hallucination,Se bloquearon los accesos a los túneles con camiones volquete y fue necesaria la participación de 80 agentes de policía para guiar a los automovilistas hacia los desvíos.,"Wọ́n fòfin de àwọn ọkọ̀ ojú irin tí wọ́n fi ń wọ àwọn àfonífojì náà, ó sì pọn dandan kí àwọn ọlọ́pàá ọgọ́rin [80] máa kó àwọn awakọ̀ náà lọ sí ibi tí wọ́n ti ń rìnrìn àjò."
spayor-0131,spa_Latn,yor_Latn,Spanish to Yoruba,1_No_hallucination,No hallucination,"Por suerte, estoy bien, pero presencié una escena tétrica cuando la gente trataba de romper las ventanas para escapar.","Mo dúpẹ́ pé kò sí ohun tó burú nínú mi, àmọ́ mo rí ìṣẹ̀lẹ̀ kan táwọn èèyàn ti ń gbìyànjú láti fọ́ ojú fèrèsé kí wọ́n lè sá lọ."
spayor-0133,spa_Latn,yor_Latn,Spanish to Yoruba,1_No_hallucination,No hallucination,Gridley o Stark incrustaron una estaca a unos 100 pies (30 metros) por delante de la valla y dieron la orden de que nadie abriera fuego hasta que el ejército regular la sobrepasaran.,"Gridley tàbí Stark gbé ọ̀pá kan sí i ní nǹkan bí ọgọ́rùn-ún mítà (30 mítà) níwájú ògiri náà, wọ́n sì pàṣẹ pé kí ẹnikẹ́ni má ṣii iná títí tí àwọn ọmọ ogun tó wà lábẹ́ àgọ́ náà á fi kọjá."
spayor-0136,spa_Latn,yor_Latn,Spanish to Yoruba,3_Partial_hallucination,Hallucination,"Los esfuerzos de rescate no solo se han frustrado a causa del devastador hielo, sino también debido a las condiciones climáticas extremas.","Yàtọ̀ sí pé yìnyín tó pọ̀ gan-an ló mú kí ìsapá àwọn olùrànlọ́wọ́ kò ṣeé ṣe, ojú ọjọ́ tó burú jáì tún mú kó ṣòro fún wọn láti ṣe bẹ́ẹ̀."
spayor-0142,spa_Latn,yor_Latn,Spanish to Yoruba,1_No_hallucination,No hallucination,"Alemania asignó al ataque el nombre en clave de «Operación Lobo Marino». El ejército británico estaba bastante débil, debido a que había perdido la mayoría de las armas pesadas y los suministros durante su evacuación de Dunkerque.","Àwọn ọmọ ogun ilẹ̀ Gẹ̀ẹ́sì kò lágbára rárá, nítorí pé wọ́n ti pàdánù ọ̀pọ̀ jù lọ àwọn ohun ìjà olóró àti àwọn ohun èlò nígbà tí wọ́n ń ṣí kúrò nílùú Dunkirk."
spayor-0145,spa_Latn,yor_Latn,Spanish to Yoruba,1_No_hallucination,No hallucination,"Por el momento, no se sabe qué cargos se imputarán o qué condujo a las autoridades hasta el niño, pero se ha dado inicio a procedimientos penales de menores en el tribunal federal.","Lákòókò yìí, a ò tíì mọ irú ẹ̀sùn tí wọ́n máa fi kàn án tàbí ohun tó mú káwọn aláṣẹ rí ọmọ náà, àmọ́ ẹjọ́ àwọn ọmọdé ti bẹ̀rẹ̀ ní ilé ẹjọ́ àpapọ̀."
spayor-0147,spa_Latn,yor_Latn,Spanish to Yoruba,1_No_hallucination,No hallucination,"Cuando los automóviles delante de Alonso se detuvieron para recargar combustible durante la pasada del coche de seguridad, él aumentó los cambios para obtener la victoria.","Nígbà tí ọkọ̀ ayọ́kẹ́lẹ́ tó wà níwájú Alonso dúró láti fi epo kún ọkọ̀ nígbà tí wọ́n ń kọjá nínú ọkọ̀ àfiṣelé náà, ó mú kí àyípadà náà pọ̀ sí i láti gba ìṣẹ́gun."
yoreng-0002,yor_Latn,eng_Latn,Yoruba to English,1_No_hallucination,No hallucination,Mase sun lori ibusun abi lori aso ta te si ilele ni awon agbegbe ti o komo iru eranko to n gbe nibe abi itan ibe lasiko naa.,Mase was burned on a mattress on the sidewalk to the house in areas that were haunted by the kind of animals that lived there at the time.
yoreng-0007,yor_Latn,eng_Latn,Yoruba to English,1_No_hallucination,No hallucination,Chiao àti Sharipov fi tónilétí pé ó dára láti jíjìnà sí ẹnjìni tí a mọ̀ sí attitude adjustment thruster.,Chiao and Sharipov point out that it is good to stay away from what is known as an attitude adjustment thruster.
yoreng-0008,yor_Latn,eng_Latn,Yoruba to English,1_No_hallucination,No hallucination,Àwọn ọjà ǹkan orsiríṣi ní abala ti àwọn óúnjẹ tí wọ́n ti sè sílẹ̀ púpọ̀ si. Àwọn kan ti ẹ̀ pèsè ẹ̀rọ tó má mú óúnjẹ gbọ́ná tàbí ọ̀nà míràn tí o lè mú óúnjẹ gbóná.,"There are many types of food stores that offer ready-to-eat meals, some of which are equipped with a kitchen appliance or other means of heating food."
yoreng-0009,yor_Latn,eng_Latn,Yoruba to English,1_No_hallucination,No hallucination,"A o ni ti moto pale lai lai, ko orisun omi si eyinkule wa, rin lo Peru lati lo wo erunrun atijo, abi tun ile aladugbo wa ko.","We've never had a car, we don't have a water source in our basins, we use Peru to explore the landscape, we have no neighborhood."
yoreng-0011,yor_Latn,eng_Latn,Yoruba to English,1_No_hallucination,No hallucination,Wíwọle sí àwọn isé yíì lọ́pọ̀ ìgbà màà n jẹ́ nípasè ẹ̀rọ fóònù ọ̀fẹ́ tí o lẹ pè láti ọ̀pọ̀lọpọ̀ foonu láìsí ìdíyẹlẹ́´.,Access to these sites is usually through a toll-free number from multiple phones.
yoreng-0013,yor_Latn,eng_Latn,Yoruba to English,1_No_hallucination,No hallucination,"Fún àwọn tí wọn bá fẹ́ràn láti máa gbáfẹ́ ní ìta, rínrìn lọ sí òkun àti àárín òfurufú dár.","For those who enjoy spending time outdoors, swimming in the sea and in the air."
yoreng-0015,yor_Latn,eng_Latn,Yoruba to English,1_No_hallucination,No hallucination,"Afojusun ero okan yi ni ijafafa, ogbon inu ati isefefe o tun je ida otito mo, lilo awon eeto aatele ti o wa nile, kiko otito jo.","The goal of this philosophy is to be consistent, intelligent and playful. It is also partly realistic, using all-encompassing techniques, to convey relatively real truth."
yoreng-0030,yor_Latn,eng_Latn,Yoruba to English,1_No_hallucination,No hallucination,"Nínú gbogbo rògbòdìyàn òní, àwọn arìnrìn àjò lè ní ìrírí òmìrán tí ó dábí omi (tàbí àwọn ǹkan míràn).","In all of today's turmoil, travelers may experience a water-like phenomenon (or other things)."
yoreng-0031,yor_Latn,eng_Latn,Yoruba to English,1_No_hallucination,No hallucination,"Tí ẹ bá wo àwọn nǹkan ẹlẹ́mìí nínú ẹ̀rọ-awòjìji-amóhun-bín-tín-fẹ̀, a máa rí pé láti ara nnkan onígun tàbí nǹkan roboto ni a ti ṣẹ̀dá wọ.","If you look at life-forms in the shadows, you will see that we have been created from a rectangular or robotic body."
yoreng-0032,yor_Latn,eng_Latn,Yoruba to English,1_No_hallucination,No hallucination,"Steni n wádi bóya wọn lo owó orí fún oyún ṣíṣẹ́ ní Ìlànà Òbí ní ipò rẹ̀ gẹ́gẹ́ bi alága Igbimo Ofasaiti àti Ìwádi, tó wà lábẹ̀ àsíya Igbimo Agbára àti Iṣòwò.","Steni is seeking tax credits for abortion in the Maternity Code in his capacity as chairman of the Budget and Appropriations Committee, under the auspices of the Ministry of Energy and Commerce."
yoreng-0034,yor_Latn,eng_Latn,Yoruba to English,1_No_hallucination,No hallucination,"Fún rínrín ìrìnàjò lọ́nà ìtọpa tó rọrùn ìmúra díẹ̀ lo níló, àti wípé ẹnikẹ́ni tó dápé ní ìwọ̀ntuwọ̀nsì lẹ jẹ́ ìgbádùn wọn.","To travel in an easy-to-follow manner you have to dress up a little, and that you are a moderately perfect person is a pleasure."
yoreng-0044,yor_Latn,eng_Latn,Yoruba to English,1_No_hallucination,No hallucination,"Àwọn Sikhs ń pe ẹ̀sìn wọn ní Gurmat, èyí tí wọ́n pè ní Punjabi “nílànì àwọn guru”. Àwọn guru ní ẹ̀sìn àkọ́kọ́ gbogbo ẹ̀sìn Indian àmọ́ Sikhism ti di pàtàkì èyí tí ó jẹ́ pàtàkì ìgbàgbọ́ Sikh.","The Sikhs call their religion Gurmat, which is known as the Punjabi Guru Negress. The gurus were the primary religion of all Indian religions but Sikhism became the main religion of the Sikh faith."
yoreng-0055,yor_Latn,eng_Latn,Yoruba to English,1_No_hallucination,No hallucination,Àbájádẹ yìí dálé lórí bí ọpọlọ rẹ se n sakitiyan láti la àlá kẹdẹrẹ ní alẹlẹ́.,This adventure is based on your brain's attempts to dream dreams at night.
yoreng-0058,yor_Latn,eng_Latn,Yoruba to English,1_No_hallucination,No hallucination,"Alexander, gẹ́gẹ bi ọba pinu láti sanwó fún àtúnkọ́ tẹ́ḿpìlì náà sùgbọ́n a kò gba ìpinu rẹ láàyè. Lẹ́yìna, ikú Alexander, tẹ́ḿpìlì náà di àtúnkọ ní 323 BCE.","Alexander, as king urged to pay for the rebuilding of the temple but his objections were not allowed. Finally, after Alexander's death, the temple was rebuilt in 323 BCE."
yoreng-0066,yor_Latn,eng_Latn,Yoruba to English,1_No_hallucination,No hallucination,Oko ofurufu gba awom mejila to je osise inu baalu na la ati pe enikan lo fi imu sese.,The plane was carrying 12 officers on board and only one was wearing a nose patch.
yoreng-0072,yor_Latn,eng_Latn,Yoruba to English,1_No_hallucination,No hallucination,"Láwọn oríléèdè kan, ó kéré tán ilé oúnjẹ orí ìtàkùn ayélujára yóó wà ju àwọn tìbílẹ̀ tó jẹ́ olówó tí kò gunpá lọ.","In some countries, there are at least two online restaurants that outnumber those in the upper-middle class."
yoreng-0076,yor_Latn,eng_Latn,Yoruba to English,3_Partial_hallucination,Hallucination,Níbẹ̀rẹ̀ ogun wọn sábà rín àjò lọ sí òkè òkun ṣùgbọ́n bí wọn ṣe n ṣẹ̀dá rédà tí ó pé si àwọn ọkọ̀ abẹ́ omi níláti jìn sínú omí kí wọ́n ma baà rí wọn.,"At the outset of the war, they usually made their way to the sea, but as they made their way into the water, they were able to reach the submarines."
yoreng-0077,yor_Latn,eng_Latn,Yoruba to English,3_Partial_hallucination,Hallucination,"Àjàkálẹ̀ ààrùn ní èyí tí pátójìnì, bí í àwọn kòkòrò ààrun tí a kò lè fojúrí lọ́lọ́kan ò jọ̀ka.","A pathogenic pathogen, such as a pathogen that cannot be detected individually, is a common pathogen."
yoreng-0078,yor_Latn,eng_Latn,Yoruba to English,2_Small_hallucination,Hallucination,"Won le ma lo e fi gbe oogun lai je pe o mo, to ma ja e sinu isoro pupo.","It could even be used for military purposes, causing a lot of trouble."
yoreng-0079,yor_Latn,eng_Latn,Yoruba to English,1_No_hallucination,No hallucination,Ti eyan kan ba fi opolopo orisi iwa kan han a je pe won wa polimofiki.,"If an organism exhibits more than one type of behavior, it is called a polymophyte."
yoreng-0080,yor_Latn,eng_Latn,Yoruba to English,1_No_hallucination,No hallucination,"Àwọn oríṣiríṣi ìkọ́lé náà ni onírúru agbára, wọn si ní ìmòlára sí onírurú ìgbì áti wípé wọn ní yíyàtọ̀ ìwọ̀n sí mímu, pèlu pé wọn nílò onírúurú ìlànà láti mu ìtumò jádẹ lára ìgbéwọlẹ́ áti oríṣiríṣi nọ́mbà láti sisẹ́ dáradára.","The various structures are dynamic, sensitive to waves and have varying levels of alcohol, in addition to requiring a variety of parameters to accommodate the complexity of the input and a variety of mathematical properties."
yoreng-0081,yor_Latn,eng_Latn,Yoruba to English,1_No_hallucination,No hallucination,Àwọn ẹ̀yà àti àrà àkànṣe tí a ò bèrè là n pè ní grafit.,Graphite is an unsolicited variety of graphite.
yoreng-0084,yor_Latn,eng_Latn,Yoruba to English,1_No_hallucination,No hallucination,Ìwé ìròyìn Ilẹ̀ gẹ̀ẹ́sì The Guardian da lábàá pé kí ilé ìfowópama Deutsche darí ìdámkta ti àwọn ilé iṣk shell tó tó 1200 tí wọ́n lò láti jẹ́ kí èyí ṣe é ṣe.,"The British newspaper The Guardian suggested that Deutsche Bank conduct a survey of the 1,200 shell casings used for this purpose."
yoreng-0090,yor_Latn,eng_Latn,Yoruba to English,1_No_hallucination,No hallucination,"Wọ́n di akọ́ṣẹ́mọṣẹ́ ògbóntarìgì nínú kí a gé ẹsẹ̀/apá láti dóòlà ẹ̀mí àwọn aláìsàn, bẹ́ẹ̀ náà ni wọn a tún máa ṣe àtọwọ́dá ọwọ/ẹsẹ̀ láti lè dá ẹ̀jẹ̀ dúró.","They became skilled in cutting limbs to save the lives of patients, as well as hand-to-toe surgery to stop blood flow."
yoreng-0092,yor_Latn,eng_Latn,Yoruba to English,1_No_hallucination,No hallucination,"Àwọn onímọ̀ sáyẹ̀nsì ti sọ̀ ọ di mímọ̀ pé àwọn ewéko yìí ní oró púpọ̀, torína kò dájú pé ẹran dínósọ̀ kankan má a lè jẹ́ bí b ẹyẹ odídẹrẹ́ ( tó jẹ́ ìran dínósọ̀) ó lè jẹ ewé tàbí èso olóró.","Scientists have made it known that these plants are highly poisonous, but no dinosaur can be eaten as a small bird (a genus of dinosaurs) can eat vegetables or poisonous fruits."
yoreng-0095,yor_Latn,eng_Latn,Yoruba to English,1_No_hallucination,No hallucination,Àwọn ìwé ìfisọwọ́ tí ó wà ni àbẹ́ ìsòrí yìí lè sọ ọrọ̀ tí ó wà jí kíkọ sílẹ̀sí èdè ilẹ̀ òkèrè lórí àmì tàbí àwọn nǹkan mìíràn ni ojú ayé nigbàtí ẹni náà bá kọ ojú ẹrọ ìbánisọ̀rọ̀ ìgbàlóde sí àwọn nǹkan náà.,These manuscripts can record foreign language texts on signs or other objects on the surface of the earth if the user applies a modern communication device to the objects.
yoreng-0099,yor_Latn,eng_Latn,Yoruba to English,1_No_hallucination,No hallucination,Ó ma dáa kí àwọn àlejò tí o ní àkókò púpọ̀ lògbà wọ́n níbò miin.,Guests who have a lot of time should be in a good mood.
yoreng-0103,yor_Latn,eng_Latn,Yoruba to English,3_Partial_hallucination,Hallucination,"Nílẹ̀ òkère, lé ìṣe tó ń rí sí rínrín ìrìnàjò afẹ tó igba. Ọ̀pọ̀ nínú wọn ló sì dá dúró .","At the bottom of the hill, he made a nearly 200-mile journey, and many of them stopped."
yoreng-0111,yor_Latn,eng_Latn,Yoruba to English,1_No_hallucination,No hallucination,"Torí náà Àwọn Àjàkálẹ̀ Àrùn Deli Beli, Èpè Farao, Ẹ̀sán Montesuma, àti àwọn ọ̀rẹ wọn.","So the Plagues of Deli Beli, the Pharaoh's Call, the Montesuma Plague, and their companions."
yoreng-0112,yor_Latn,eng_Latn,Yoruba to English,1_No_hallucination,No hallucination,"Àwọn ojú òpó weebu wònyí ti ní àkíyèsí púpọ̀, ní pàtàkì ní agbọn ètò èkó.","These web sites have gained a lot of attention, especially in the field of education."
yoreng-0113,yor_Latn,eng_Latn,Yoruba to English,1_No_hallucination,No hallucination,Ọ̀pọ̀lọpọ̀ ìsirò iye àwọn èèyàn tó ń sọ èdè Hindi ló wà. Wọ́n sí i wípé ó wà láàrin èdè méjì sí mẹ́rin tí wọ́n ń sọ jùlọ lágbàláaye.,"Hindi is spoken by a large number of people, and is among the two to four most spoken languages in the world."
yoreng-0116,yor_Latn,eng_Latn,Yoruba to English,1_No_hallucination,No hallucination,Ìsedédé agbára ni ètò tí ilẹ̀ Europu ń lò láti fi se ìsàkóso ìjẹgàba àpapọ̀ àwọn orílẹ̀ Europu lápapọ.,The European system of sovereignty is a system of force used by the European Union to establish a unified monarchy of the European Union.
yoreng-0118,yor_Latn,eng_Latn,Yoruba to English,1_No_hallucination,No hallucination,"Lára àwọn ìsesí wọn ni ẹ̀ṣọ́ aṣọ tó dúró ‘re ọlọ́jọ́ pípẹ́, àìní àwọn ohun amáyérọrùn tìgbàlódé àtàwọn ohun àkúwórí míràn.","These include long-lasting clothing, a lack of modern amenities, and other necessities."
yoreng-0126,yor_Latn,eng_Latn,Yoruba to English,1_No_hallucination,No hallucination,Ó se é se kí èyí béèrè sísàkọọ́lẹ̀ fọ́ọ̀mù pẹ̀lú olopa agbegbe tabi sàbẹ̀wò sí ọ́fìsì àwọn aṣíkiri.,This required filing with a local police officer or a visit to the immigration office.
yoreng-0129,yor_Latn,eng_Latn,Yoruba to English,1_No_hallucination,No hallucination,Ọ̀pọ̀ ẹ̀rọ amóhùnmáwòrán ni wọ́n ṣẹ̀dá láti tẹ́ àwọn ará ìlú lọ́rùn.,"In order to appeal to the city's inhabitants, many digital cameras were invented."
yoreng-0130,yor_Latn,eng_Latn,Yoruba to English,3_Partial_hallucination,Hallucination,"Ìrìn afẹ́ ò wọ́n fáwọn èrò tó bá pọ̀, torínà bí o bá ń dábọ̀ tàbí tí o bá wà pẹ̀lú ọ̀rọ́ rọ kanṣoṣo, gbìyànjú láti bá àwọn míìràn pàdé kí ẹ sì se àkójọ ẹgbẹ́ eléèyàn mẹ́rin sí mẹ́fà fúnrayín kí ẹ lè rí owó tó mọ níwọ̀n san léèyàn kọ̀ọ̀kan.","It's not easy for crowds to walk around, and if you're just saying goodbye or being alone, try meeting up with others and organizing a group of four to six to get the right amount for each person."
yoreng-0131,yor_Latn,eng_Latn,Yoruba to English,1_No_hallucination,No hallucination,Wọ́n fún Batten ní ipò 190th ní ọdún 2008. nínu àwọn Olówó tó lówó jù ní Amẹ́ríkà 400 pẹ̀lú ìṣirò ọrọ̀ tó tó $2.3 billion.,Batten was ranked 190th in 2008 among the 400 richest Americans with an estimated fortune of $2.3 billion.
yoreng-0137,yor_Latn,eng_Latn,Yoruba to English,1_No_hallucination,No hallucination,Láti mú ohun akodioni tóbi si wàá lò àwọn belò pẹ̀lú agbára tàbí ere sí i.,"To increase the size of the instrument, you would use more power or play."
yoreng-0139,yor_Latn,eng_Latn,Yoruba to English,1_No_hallucination,No hallucination,"Orisirisi ona ni a n gba da oju, eyi ti o pe orisirisi lori bi awon ohun ti kokoro aifojuri se lagbara to.","Various approaches are taken, which call for variations on how strong the bacteria are."
yoreng-0142,yor_Latn,eng_Latn,Yoruba to English,4_Full_hallucination,Hallucination,"Wọn pẹ ara wọn ní àwọn ónilé ẹrẹ́kúsú Polynesia àwọn àkùdẹ́ díè bàwọn ní ìgbẹ̀yìn, àwọn ónilé ẹrẹ́kúsú Polynesia di píparẹ́.","In the southern Polynesian islands, a series of protrusions eventually led to the end of the Polynesian archipelago."
yorspa-0004,yor_Latn,spa_Latn,Yoruba to Spanish,3_Partial_hallucination,Hallucination,Kìí ṣe gbogbo èyàn ló faramọ́ pé kí wọ́n fi ipò àwọn Obìrin náà síi.,No todas las personas estaban acostumbradas a aumentar el rango de los Cantantes.
yorspa-0007,yor_Latn,spa_Latn,Yoruba to Spanish,1_No_hallucination,No hallucination,Ó yẹ́ kí o fi sùúrù yan ilé iṣẹ́ ọkọ̀ òfurufú r.,Debes elegir con paciencia las aerolíneas.
yorspa-0009,yor_Latn,spa_Latn,Yoruba to Spanish,3_Partial_hallucination,Hallucination,Ọ̀pọ̀ àwọn ọnà onígi tó wà ní Australia kò se é dá padà. Ó dára kí àwọn tó sẹ̀ ń bẹ̀rẹ má jù ú sínú afẹ́fẹ́.̀,La mayoría de las pinturas de madera en Australia no lo hacen de nuevo.
yorspa-0014,yor_Latn,spa_Latn,Yoruba to Spanish,1_No_hallucination,No hallucination,"Ti o ba n lo drooni, ṣaridaju nkan ti wọn gba ẹ laye lati yaworan rẹ ati awọn iwe aṣẹ ti o ye ki o gba.","Si está usando un dron, guíe el objeto que le hayan permitido a su imagen y los documentos correspondientes para obtenerlos."
yorspa-0015,yor_Latn,spa_Latn,Yoruba to Spanish,3_Partial_hallucination,Hallucination,Bí ìṣẹ́jú mewa kí o tó wàlẹ̀ ò pòorá ní gbà tí o n lọlẹ̀ lẹ́ẹ̀kej.,"Al menos un minuto antes de acostarte, te llevará un poco de tiempo."
yorspa-0016,yor_Latn,spa_Latn,Yoruba to Spanish,2_Small_hallucination,Hallucination,"Síbẹ̀síbẹ̀, èyí kò yẹ kó pò ọ́ lọ́fun pọ̀, nítorí ọ̀pọ̀ ìgbà ní wọ́n má ń da àwọn arìnrìn àjò afẹ́ papọ̀ sínú àwọn ọkọ̀.","Sin embargo, esto no debe ser demasiado complicado, ya que a menudo los viajeros no se juntan en los vagones."
yorspa-0017,yor_Latn,spa_Latn,Yoruba to Spanish,1_No_hallucination,No hallucination,"Nípa ọ̀rọ̀ towódé tò gba gbogbo àgbáyé, Sapatero sì n wípé “ọ̀nà ìṣe owó wà lára ajé, pàápàá èya ara pàtàkì.","En cuanto a la economía mundial, Sapatero señala que hay una forma de hacer dinero en el mercado, especialmente en el sector corporativo."
yorspa-0020,yor_Latn,spa_Latn,Yoruba to Spanish,1_No_hallucination,No hallucination,"Kíkọ́ láti ṣẹ̀da ìgbóhùnsáfẹ́fẹ́ alájọsọ nílò́ àwọn ohun ìbára-ẹni-sọ̀rọ̀ àti àwọn nǹkan abínibí, àti pẹ̀lú láti ni di ògbóntarìgì nihnú ìdánilẹ́kọ̀ọ́ onílànà ìbara-ẹni sọ̀rọ̀ (sísọ̀tàn-pẹ̀lú-pátákò, ṣíṣe àtúntò àwọn ohùn àti ffọ́nrán amóhùnmáwòrán, sísọ ìtàn, abbl.)","Aprender a crear una interacción interactiva requiere de herramientas de comunicación y recursos personales, y también a ser un experto en el aprendizaje de los principios de la comunicación personal (historiografía, edición de voces y fuentes de fotografía, narración de historias, etc.)"
yorspa-0022,yor_Latn,spa_Latn,Yoruba to Spanish,1_No_hallucination,No hallucination,"Àwọn iléeṣẹ́ ìrìnàjò ti wà láti sẹ́ńtùrì kọkàndínlógún. Osìṣẹ́ iléẹṣẹ́ ló yẹ fún ìrìnàjò èyí tó náwọ́jà dọ́dọ̀ àwọn arìnàjò tó ní ìrírí àyíká, àṣà, èdè, tàbí orílẹ̀ tí kò pawó lọ́pọ̀.","La industria de los viajes ha existido desde el 19 de septiembre. Un empleado de la industria es el ideal para viajes que atraen a los turistas con experiencia en el entorno, la cultura, el idioma o el país menos lucrativo."
yorspa-0024,yor_Latn,spa_Latn,Yoruba to Spanish,1_No_hallucination,No hallucination,Ijakadi naa fa idinwo si ibasepo aarin India ati Pakistan.,La lucha limitó las relaciones entre la India y Pakistán.
yorspa-0026,yor_Latn,spa_Latn,Yoruba to Spanish,3_Partial_hallucination,Hallucination,Ilé náà gba àwọn arìnrìnàjò tí wọ́n wá sí ilú mímọ́ ní alẹ́ ìrìnàjò hajj.,La casa acogía a los viajeros que venían al valle sagrado en la noche de la peregrinación.
yorspa-0028,yor_Latn,spa_Latn,Yoruba to Spanish,3_Partial_hallucination,Hallucination,Àwọn ọmọ ènìyàn ni wọ́n ni ẹ̀bùn kí wọ́n máa wòye ohun tó ń lọ ni ọkan ẹlòmìíràn.,A los hijos de los hombres se les ha dado el don de mirar entre sí.
yorspa-0029,yor_Latn,spa_Latn,Yoruba to Spanish,1_No_hallucination,No hallucination,"Eleyi jẹ apẹẹrẹ ti o ṣe pataki, bi awọn alagbara alawọ funfun ko ṣe ni ma lugọ sẹyin ogun ẹsin mọ. Bẹẹni, Ogun Ọlọgbọn Ọdun naa ni yio jẹ eyi ti o gbẹyin ti a o pẹ ni ogun ẹsin.","Este es un ejemplo importante, ya que los poderosos blancos blancos ya no están en contra de las guerras religiosas. Sí, la Guerra de los Años será la última guerra religiosa de larga data."
yorspa-0031,yor_Latn,spa_Latn,Yoruba to Spanish,1_No_hallucination,No hallucination,"Ilé iṣẹ́ to ṣe pàtàkì ní ilé iṣẹ́ epo Venezuelans jẹ́, bí ó tilẹ̀ jẹ́ pé ìdá kan nínú àwọn ọmọ orílẹ̀ èdè ló ń ṣiṣẹ níbẹ̀.","Una empresa importante en la industria petrolera venezolana es, a pesar de que allí trabaja un 1 por ciento de la población."
yorspa-0036,yor_Latn,spa_Latn,Yoruba to Spanish,1_No_hallucination,No hallucination,"Ní ọ̀sán ọjọ́rú, táǹkì náà jò bóyá nítorí thermal expansion nínu táǹkì.","En el mediodía, el tanque se agotó debido a la expansión térmica en el tanque."
yorspa-0037,yor_Latn,spa_Latn,Yoruba to Spanish,3_Partial_hallucination,Hallucination,"A fún Ẹgbẹ́ Keje àwọn Sójà Ojú Omi Amerika tó wà ní Sasebo Nagasaki, Jépaani.","Fue asignado al Septimo Cuerpo de Marines de Estados Unidos en Sasebo Nagasaki, Japón."
yorspa-0041,yor_Latn,spa_Latn,Yoruba to Spanish,2_Small_hallucination,Hallucination,"Felisia, to fi ìgbà kan jẹ ìjì to wà lórí Abala 4 ní Ojú Ìwọ̀n Ìjì Nla ti Saffir-Simpson, rẹlẹ̀ sí ìjì nla ti ọ̀nà òòorùn kí o to papà fónká ní Ọjọ́ Ìségun.","Felisia, que había sido una tormenta en la Cuarta División de la Eclosión Saffir-Simpson, cayó en una tormenta tropical antes de que papá se estropeara en el Día de la Inundación."
yorspa-0048,yor_Latn,spa_Latn,Yoruba to Spanish,1_No_hallucination,No hallucination,Iléeṣẹ́ Guinness ti dàràbà nínú okoòwò àgbáyé lẹ́yìn ọ̀tàlénígba ó dín mẹ́wàá ọdún tí ó sì ti mún bílíọ̀nù mẹ́wàá euro (bílíọ̀nù mẹ́rìnlá ó lé ẹ̀dẹ́gbẹ̀rin mílíọ̀nù dọ́là) lọ́dọdún.,La empresa Guinness se ha destacado en el comercio mundial después de 13 décadas y obtiene 10 mil millones de euros (14.800 millones de dólares) al año.
yorspa-0050,yor_Latn,spa_Latn,Yoruba to Spanish,4_Full_hallucination,Hallucination,"Awon ilu kan ni ijiya to le pupo fun ese koda fun eni to dese fun igba akoko, bi ewon, dida ejo bi odun mewa abi iku.","Algunos ciudadanos reciben multas severas para el delito de muerte por un período de tiempo, como la muerte de un hombre, que equivale a diez años de muerte."
yorspa-0051,yor_Latn,spa_Latn,Yoruba to Spanish,1_No_hallucination,No hallucination,Ó se é se kí èyí béèrè sísàkọọ́lẹ̀ fọ́ọ̀mù pẹ̀lú olopa agbegbe tabi sàbẹ̀wò sí ọ́fìsì àwọn aṣíkiri.,Esto requiere registrar un formulario con la policía local o una visita a la oficina de vigilancia.
yorspa-0055,yor_Latn,spa_Latn,Yoruba to Spanish,2_Small_hallucination,Hallucination,"Gbogbo ami naa ko ni oje bibaje, won se atunde pelu ora dud pelu ami alaafia ati ife lati se atunse si “O” ki o le dabi “e”.","Todo el símbolo no tiene salsa, se termina con una ora dud con un símbolo de paz y amor para hacer una corrección a la o para parecerse a la o."
yorspa-0064,yor_Latn,spa_Latn,Yoruba to Spanish,1_No_hallucination,No hallucination,"Bí àsìkò yìí ṣe rí nìyẹn, Kirby Muxloe Castle jọ ilé tí wọ́n tò dáadáa ju ilé ìṣọ́ l.","Así que en esta época, el castillo de Kirby Muxloe parecía un edificio más bien construido que una torre de vigilancia."
yorspa-0070,yor_Latn,spa_Latn,Yoruba to Spanish,2_Small_hallucination,Hallucination,"Ósọ̀wọ́n láti rí àwọn ìdílé pẹ̀lú ọmọ, ṣùgbọ́n àwọn iléègbé àwọn akẹ́ẹ̀kọ́ máa ń fàyè gbà wọn ní yàrá àdáni.","Es conveniente ver a las familias con niños, pero las residencias de los estudiantes les permiten habitaciones privadas."
yorspa-0073,yor_Latn,spa_Latn,Yoruba to Spanish,3_Partial_hallucination,Hallucination,Ìdí ni wípé iná tó ń gba ara ihò níbi tí apákan irin tí bọ́ọ̀bù wà le gbé ọ bí o bá fọwọ́ kan inú ihò àbí ti ibùjókòó irin bọ́ọ̀bù nígbàtí apákan rẹ̀ sì wà nínú ihò.,Porque el fuego que atraviesa el interior de la fosa en la que se encuentra una parte del aluminio puede llevarse si se toca la fosa o el asiento del aluminio mientras se encuentra otra parte en la fosa.
yorspa-0083,yor_Latn,spa_Latn,Yoruba to Spanish,1_No_hallucination,No hallucination,Iye olùgbé ni ákójọ àwọn ohun ẹlẹ́yà kan láàrin agbègbè .,El número de habitantes es un montón de ridículo entre las comunidades.
yorspa-0084,yor_Latn,spa_Latn,Yoruba to Spanish,1_No_hallucination,No hallucination,Èyí mú ìdánilójú wá tó ẹ̀ẹ̀mẹẹ̀rin mìlímítà márùndínlógójì (3136 mm2 versus 864).,Esto proporciona una seguridad de 35 milímetros cuadrados (3136 mm2 frente a 864).
yorspa-0085,yor_Latn,spa_Latn,Yoruba to Spanish,1_No_hallucination,No hallucination,Àwọn ọjà ǹkan orsiríṣi ní abala ti àwọn óúnjẹ tí wọ́n ti sè sílẹ̀ púpọ̀ si. Àwọn kan ti ẹ̀ pèsè ẹ̀rọ tó má mú óúnjẹ gbọ́ná tàbí ọ̀nà míràn tí o lè mú óúnjẹ gbóná.,Las tiendas de comestibles cuentan con una gran variedad de productos preparados. Algunos ofrecen aparatos de calefacción o otros métodos para calentar los alimentos.
yorspa-0088,yor_Latn,spa_Latn,Yoruba to Spanish,1_No_hallucination,No hallucination,Mọ̀nàmọ́ná tí ó ṣe dédé àti àrá ní ó tẹ̀lé díẹ̀ nínu òjò tí ó rọ̀.,El estreno y el trueno siguieron un poco a la lluvia.
yorspa-0096,yor_Latn,spa_Latn,Yoruba to Spanish,3_Partial_hallucination,Hallucination,Àdarí ilẹ̀ Russia ti tan àwọn jẹ́ẹ̀tì wọ́n sí ti gba ìwa ibùdó náà.,Las autoridades rusas les han pagado los derechos de posesión del campo.
yorspa-0097,yor_Latn,spa_Latn,Yoruba to Spanish,1_No_hallucination,No hallucination,Àwọn ewé yí jọ igi ọ̀pẹ́ kékeré pẹ̀lú ewé tó gùn jáde tó mú.,Las hojas alrededor se parecen a una palmera pequeña con hojas largas.
yorspa-0102,yor_Latn,spa_Latn,Yoruba to Spanish,3_Partial_hallucination,Hallucination,Wọn ma n saba fi hangi se ounjẹ alẹ bii ti sisun abalaye.,Se acostumbra a cocinar el almuerzo como para quemar una charla.
yorspa-0105,yor_Latn,spa_Latn,Yoruba to Spanish,1_No_hallucination,No hallucination,Ọ̀pọ̀ ẹ̀rọ amóhùnmáwòrán ni wọ́n ṣẹ̀dá láti tẹ́ àwọn ará ìlú lọ́rùn.,"Para satisfacer a la gente de la ciudad, se crearon numerosos aparatos fotográficos."
yorspa-0107,yor_Latn,spa_Latn,Yoruba to Spanish,2_Small_hallucination,Hallucination,"Ọ̀pọ̀ èyàn ló n lálàá ọjọ́ tí ọmọ èyàn á rin ìrìn àjò lọ sínú ìràwọ̀ mín tí wọn á káàkiri agbaye mín, àwọn èyàn mín ń ro nkan tí ó wà ní agbaye mín àwọn kan gbàgbọ́ pé àwọn àjòjì mín wà, tàbí pé alàyè wà ní àwọn agbọn mín.","Muchos astrónomos sueñan con el día en que el ser humano viajará a una galaxia en la que recorrerá el mundo, los astrónomos piensan en lo que hay en el mundo y otros creen que hay extraterrestres, o que hay vida en el universo."
yorspa-0111,yor_Latn,spa_Latn,Yoruba to Spanish,3_Partial_hallucination,Hallucination,A le se eyi ni oko ayokele pelu eto sugbon 4x4 ni won saba gba ni amoran pelu pe a ko le de awon ibo miin lai lo 4x4 ti ese re ga soke daada.,Esto se puede hacer en el campo de juego con el sistema pero el 4x4 es generalmente aceptado con la idea de que no se puede llegar a los jardines sin el uso de 4x4 cuya altura se eleva correctamente.
yorspa-0119,yor_Latn,spa_Latn,Yoruba to Spanish,3_Partial_hallucination,Hallucination,"Búlọ̀kù ńlá kan bọ́ ní bèbè yínyín, bọ́ sílẹ̀ tàbí fò, ó tilẹ̀ le yí jìnnà sí bèbè.","Una gran panada se arrastra, se desprende o vuela, aunque pueda girar lejos de ella."
yorspa-0120,yor_Latn,spa_Latn,Yoruba to Spanish,1_No_hallucination,No hallucination,Àwọn onímọ̀ ìjìnlẹ̀ sáyẹ̀nsì láti ilé ìkẹ́ẹ̀kọ́ gíga ti ìsègun Stanford lọ́jọ́ ajé ti kéde ìdásílẹ̀ irinṣẹ́ ìwádìí tuntun tí ó le tó nǹkan lẹ́sẹẹsẹ pẹ̀lú bí wọ́n bá se rí: irinṣẹ́ kéreké tí a lè tẹ̀ jáde pẹ̀lú lílo irinṣẹ́ ìtẹ̀wé ìgbàlódé pẹ̀lú owó ẹyọ fún ọ̀kọ̀ọ̀kan.,Científicos de la Universidad de Stanford han anunciado el lanzamiento de una nueva herramienta de investigación de gran tamaño: una pequeña herramienta que se puede imprimir con el uso de una máquina de imprimir moderna con una moneda de cada uno.
yorspa-0122,yor_Latn,spa_Latn,Yoruba to Spanish,1_No_hallucination,No hallucination,Àwọn patikulu náà màa ǹ sẹ àwọn àyè àifojúrí orí ojú omi èyí tí o fàyè gbà àwọn nkan bi abẹ́rẹ́ láti léèfó téńté sórí omi.,Las partículas se encuentran en los espacios abiertos en el mar donde se permiten que objetos como las partículas se apliquen sobre el agua.
yorspa-0131,yor_Latn,spa_Latn,Yoruba to Spanish,2_Small_hallucination,Hallucination,Àwọn ilé ìtura ma ń tọ́jú àwọn ọ̀dọ́mọdé- àwọn àlejò wọn ló ma ń wà lọ́mọ ogún ọdún- àmọ́ o lè rí àwọn àgbàlagbà arìnrìnàjò náà níbẹ̀ pẹ̀lu.,"Los hoteles no cuidan a los jóvenes, sus huéspedes suelen ser menores de 20 años, pero también se puede ver a los viajeros mayores."
yorspa-0142,yor_Latn,spa_Latn,Yoruba to Spanish,1_No_hallucination,No hallucination,Ounje Hangi ma n je sise ninu iho gbigbe gbigbona.,La comida de la Hagea se preparaba en un agujero de calefacción.
yorspa-0146,yor_Latn,spa_Latn,Yoruba to Spanish,2_Small_hallucination,Hallucination,"A kò mọ̀ ní àkókò yí àwọn àyípadà tí wọ́n ma ṣe àti nkan tó jẹ́kí wọ́n rí ọmọ okùnrin náà gbámú, ṣùgbọ́n ètò ilé ẹjọ́ fún ọ̀dọ́ ti bẹ̀rẹ̀.","No se sabe cuándo se realizaron los cambios y cuál fue la causa de la aparición del niño, pero el proceso judicial para el joven comenzó."
zhoeng-0002,zho_Hans,eng_Latn,Chinese to English,1_No_hallucination,No hallucination,*10月31日“快乐女生巡回演唱会”成都 四川省体育馆演唱会,* Happy Girls Tour on October 31 at the Sichuan Provincial Sports Hall in Guangzhou
zhoeng-0009,zho_Hans,eng_Latn,Chinese to English,1_No_hallucination,No hallucination,当地时间上午 9:30 左右 (UTC 0230)，JAS 39C 鹰狮战斗机撞上跑道并发生爆炸，导致机场关闭，商业航班无法正常起降。,"Around 9:30 a.m. local time (UTC 0230), JAS 39C Lion fighters crashed into the runway and exploded, causing the airport to close and commercial flights to fail to take off normally."
zhoeng-0012,zho_Hans,eng_Latn,Chinese to English,4_Full_hallucination,Hallucination,阅文原创文学风云盛典阅动人心经典人物 诛仙I（获奖）,The first edition of this book was published in the year 2009 and was followed by the second edition of the first edition.
zhoeng-0015,zho_Hans,eng_Latn,Chinese to English,1_No_hallucination,No hallucination,正值上午 8 点 46 分，整座城市陷入了寂静，标示了第一架飞机撞上目标的确切时间。,"At 8:46 a.m., the entire city was silent, marking the exact time the first plane hit the target."
zhoeng-0019,zho_Hans,eng_Latn,Chinese to English,1_No_hallucination,No hallucination,* SBERBANK 俄联邦储蓄银行 俄罗斯,* SBERBANK Federal Savings Bank of Russia
zhoeng-0022,zho_Hans,eng_Latn,Chinese to English,3_Partial_hallucination,Hallucination,不學習胡人的服裝怎麼會稱做胡服騎射，閣下到底在想什麼，沒問題吧?,"How is it that you don't learn how to dress up like a fool, and you can't call yourself a fool? What are you thinking?"
zhoeng-0026,zho_Hans,eng_Latn,Chinese to English,2_Small_hallucination,Hallucination,*万历四十一年四月壬辰，总督蓟辽保定等处兵部右侍郎薛三才请辞，“上以蓟辽重地，温诏留之”,"In April of the 40th year of the Han dynasty, Governor Liu Baojing, the right-handed samurai of the army, resigned."
zhoeng-0028,zho_Hans,eng_Latn,Chinese to English,4_Full_hallucination,Hallucination,便當領取者（留言）,I'm not sure if I'm going to be able to do that.
zhoeng-0036,zho_Hans,eng_Latn,Chinese to English,1_No_hallucination,No hallucination,约翰·格兰特等人认为，该节目之所以停播，是因为资金短缺，以及教育节目制作理念发生了转变。,John Grant and others argue that the show's cancellation was due to a lack of funding and a shift in the idea of producing educational programs.
zhoeng-0038,zho_Hans,eng_Latn,Chinese to English,1_No_hallucination,No hallucination,冬天最常见的事故原因是道路和路面（人行道）湿滑，特别是台阶。,"The most common causes of accidents in winter are wet roads and pavements, especially stairs."
zhoeng-0040,zho_Hans,eng_Latn,Chinese to English,1_No_hallucination,No hallucination,由于表面张力的作用，钢针可以浮在水面上。,"Because of the surface tension, steel needles can float on water."
zhoeng-0041,zho_Hans,eng_Latn,Chinese to English,1_No_hallucination,No hallucination,在吃树干之前，三角龙会用它强有力的喙嘴剥去树叶。,"Before eating the stems, the triangular dragon uses its powerful mouth to peel off the leaves."
zhoeng-0056,zho_Hans,eng_Latn,Chinese to English,1_No_hallucination,No hallucination,在高端市场上，显而易见，一众 B&B 公司主要在两个方面展开竞争：床铺和早餐。,"In the high-end market, it is apparent that B&B companies compete mainly on two fronts: bed and breakfast."
zhoeng-0068,zho_Hans,eng_Latn,Chinese to English,1_No_hallucination,No hallucination,大多数电视节目都是为娱乐大众而制作的。,Most TV shows are made for entertainment.
zhoeng-0070,zho_Hans,eng_Latn,Chinese to English,1_No_hallucination,No hallucination,在当今发达国家，提供豪华民宿已经上升为一种艺术形式。,"In today's developed world, luxury accommodation has emerged as an art form."
zhoeng-0090,zho_Hans,eng_Latn,Chinese to English,1_No_hallucination,No hallucination,**台灣獨立遊戲開發團隊日頭遊戲第一部作品，兩個人完成的作品，夢想和現實是不同的，在開發完成時兩人信心就被消磨殆盡。,"** Taiwanese independent game development team daytime game first work, two people finished work, dreams and reality are different, and when the development is completed, both people's confidence is exhausted."
zhoeng-0091,zho_Hans,eng_Latn,Chinese to English,1_No_hallucination,No hallucination,“不管是从公共卫生的角度还是刑事司法的角度来看，现在都应当尽快立法。”一位政府发言人说道。,"Whether from the point of view of public health or criminal justice, legislation should now be enacted as soon as possible."
zhoeng-0097,zho_Hans,eng_Latn,Chinese to English,1_No_hallucination,No hallucination,然而，在 1956 年 6 月，当波兰工人抗议食品短缺和减薪的骚乱演变成对共产主义制度本身的抗议时，赫鲁晓夫的承诺面临着考验。,"However, Khrushchev's commitment was put to the test in June 1956, when riots by Polish workers protesting food shortages and wage cuts turned into protests against the communist system itself."
zhoeng-0100,zho_Hans,eng_Latn,Chinese to English,1_No_hallucination,No hallucination,我还认为大事记不是所有的内容都是琐碎的，最后一个月的纪事应当给予保留的。,"I am also of the opinion that not all of the important memories are details, and the last month's memories should be reserved."
zhoeng-0101,zho_Hans,eng_Latn,Chinese to English,4_Full_hallucination,Hallucination,2001:B011:300D:2DC7:B4EE:1774:7DD9:5EA1（留言）,This is the first time I've ever heard of this type of thing in my life.
zhoeng-0104,zho_Hans,eng_Latn,Chinese to English,1_No_hallucination,No hallucination,这是因为，当灯泡还有一部分与插座相连时，当你接触到插座内部或灯泡的金属底座时，电流会流入插座（灯泡金属底座的连接处），让你受到严重的电击。,"This is because when a part of the bulb is still connected to the socket, when you touch the inside of the socket or the metal base of the light bulb, an electric current flows into the socket (where the metal base is connected to the bulb), causing you to be severely electrocuted."
zhoeng-0105,zho_Hans,eng_Latn,Chinese to English,1_No_hallucination,No hallucination,200 万到 300 万年前的手骨化石，都无不体现出手部特征，从移动方式到操作方式，经历了改变。,Fossils of two to three million years ago have been transformed from mobile to operational.
zhoeng-0106,zho_Hans,eng_Latn,Chinese to English,1_No_hallucination,No hallucination,他当晚的第二个进球是他本赛季的第60个进球，成为自1995-96赛季以来首位在一个赛季中打进60个或更多进球的球员——在1995-96赛季，亚罗米尔·雅格和马里奥·拉缪都达到了这一里程碑。,"His second goal of the evening was his 60th goal of the season, becoming the first player since 1995-96 to score 60 or more goals in a single season, a milestone reached by both Aromil Yag and Mario Rajoy in 1995-96."
zhoeng-0107,zho_Hans,eng_Latn,Chinese to English,1_No_hallucination,No hallucination,苗栗市 !,The city of Miyazaki!
zhoeng-0125,zho_Hans,eng_Latn,Chinese to English,1_No_hallucination,No hallucination,传染病是指在感染者附近极易传播的一类疾病。,Infectious disease refers to a type of disease that is highly contagious in the vicinity of an infected person.
zhoeng-0127,zho_Hans,eng_Latn,Chinese to English,1_No_hallucination,No hallucination,若以后的某一天，你能正常浏览这里，也有幸链接到这个页面，你会感到当时不是自己一个人在战斗，而是有很多人为你们的行动而喝彩，甚至是支持！！,"If one day you are able to browse here normally and have the privilege of linking to this page, you will feel that you are not alone in the fight, but that many people applaud and even support your actions!"
zhoeng-0128,zho_Hans,eng_Latn,Chinese to English,1_No_hallucination,No hallucination,“如果可以用于商业目的，我们就应该推广这种方式。也就是说，原则上不存在反对核能的理由。”科斯特洛先生说道。,"If it can be used for commercial purposes, we should promote this method. That is, in principle, there is no reason to oppose nuclear power."
zhoeng-0129,zho_Hans,eng_Latn,Chinese to English,1_No_hallucination,No hallucination,确保你的手尽可能地放松，同时仍可以正确地敲击所有的音符—手指也尽量不要做太多无关的动作。,Make sure your hands are as relaxed as possible while still being able to tap all the notes correctly and try not to make too many unrelated movements.
zhoeng-0131,zho_Hans,eng_Latn,Chinese to English,1_No_hallucination,No hallucination,拍攝地點  中華民國（臺灣）,"The film was shot on location in Taiwan, the Republic of China."
zhoeng-0132,zho_Hans,eng_Latn,Chinese to English,1_No_hallucination,No hallucination,现代溜冰鞋的刀刃是双刃的，刃与刃之间有一个凹洞。双刃对冰有更好的抓力（即使是在倾斜的时候）。,"The blade of a modern skating shoe is double-edged, with a hole between the blade and the blade. The blade has better grip on ice (even when tilted)."
zhoeng-0133,zho_Hans,eng_Latn,Chinese to English,1_No_hallucination,No hallucination,*欢迎你以自己所知道的撰写了有关张先生的文章，问题是现在你侵权了。,"*Welcome to writing about Mr. Zhang based on what you know, the problem is that you are now infringing."
zhoeng-0140,zho_Hans,eng_Latn,Chinese to English,4_Full_hallucination,Hallucination,* 《後漢書·南匈奴列傳》若因其時埶，及其虛曠，還南虜於陰山，歸河西於內地，上申光武權宜之略，下防戎羯亂華之變，使耿國之筭不謬於當世，袁安之議見從於後王，平易正直，若此其弘也。,"If the people of the south were taken captive in the valley, and returned to the west of the land, to the south, to the west, and to the east, to the east and to the west and to the south and to the north, and the south and the south, and the east and the east, and the west and the west, to the north and the west;"
zhoeng-0141,zho_Hans,eng_Latn,Chinese to English,3_Partial_hallucination,Hallucination,少時慕才華研精味辭藻㣲言探月窟逸興横雲表措思每廢餐兀兀忘昏曉雖云俗慮無却被詩魔擾至理在目前棄而求深窈曠蕩無所歸悵悵盈懐抱近讀文公書習氣從兹掃因知九仞山一簣功不少作此聊自訟詎足云見道,Little time and talent in researching refined speech algae proverbs searching for the moon cave alixing yon cloud show thinking of every wasted meal you forgot to know even though you are not well-known but are bothered by the devil to reason in the present abandoned and ask for a deep wasted nothing to return to your pocket to read the books of the public learning from Zhao because of the knowledge of nine mountains a lot of work to do this talk to yourself and ask for help.
zhoeng-0142,zho_Hans,eng_Latn,Chinese to English,1_No_hallucination,No hallucination,Marvin 2009对法律的错误理解已被多次反驳，此处不再赘述；最后一句纯属硬扯关系，没有证据证明两者的必然关联。,"The Marvin 2009 misunderstanding of the law has been repeatedly refuted and is no longer discussed here; the last sentence is a purely rigid relationship, with no evidence of an inevitable connection between the two."
zhoeng-0146,zho_Hans,eng_Latn,Chinese to English,1_No_hallucination,No hallucination,这个只是登记了谁为宽带埋单，并没有登记谁会使用这个网络。,"This is just registering who pays for broadband, and not registering who will use the network."
zhoeng-0149,zho_Hans,eng_Latn,Chinese to English,1_No_hallucination,No hallucination,它们被列入了联合国教科文组织世界遗产名录。,They are included in the UNESCO World Heritage List.
zhoeng-0152,zho_Hans,eng_Latn,Chinese to English,1_No_hallucination,No hallucination,布雷克（Blake）还因企图妨碍司法公正而被定罪。,Blake was also convicted of attempting to obstruct justice.
zhoeng-0153,zho_Hans,eng_Latn,Chinese to English,1_No_hallucination,No hallucination,很用心。,I'm very careful.
zhoeng-0154,zho_Hans,eng_Latn,Chinese to English,4_Full_hallucination,Hallucination,——白布飘扬（留言）,This is the first time I've ever heard of this kind of thing.
zhoeng-0158,zho_Hans,eng_Latn,Chinese to English,1_No_hallucination,No hallucination,Hangi 指的是烧窑美食。,Hagi refers to baking dishes.
